{"type": "FeatureCollection", "features": [{"type": "Feature", "properties": {"name": "Unnao", "facilities": 43, "lat": 26.5673, "lon": 80.6198}, "geometry": {"type": "Polygon", "coordinates": [[[80.0439854, 26.924845], [80.0870174, 26.9618346], [80.1073042, 26.9612182], [80.113692, 26.9960066], [80.1530121, 26.9783636], [80.1858955, 26.9980511], [80.1785762, 26.9573201], [80.2309397, 26.973248], [80.2522721, 27.0286268], [80.2844758, 27.029437], [80.3072907, 27.026014], [80.2975368, 26.9967231], [80.3311798, 26.991432], [80.362962, 26.9213392], [80.3901192, 26.9321481], [80.4136929, 26.8897329], [80.4317708, 26.9157437], [80.4277933, 26.9431995], [80.4468836, 26.9494151], [80.4537129, 26.9743524], [80.5604921, 27.010485], [80.6003338, 26.9834511], [80.5954303, 26.9554227], [80.5793595, 26.9608425], [80.5612742, 26.9370543], [80.5804665, 26.9249545], [80.6079403, 26.944157], [80.620887, 26.9095556], [80.6406478, 26.9033455], [80.6270022, 26.8785678], [80.6782276, 26.8632014], [80.7402327, 26.7903444], [80.7335881, 26.7561617], [80.6924015, 26.7607991], [80.6975681, 26.7193623], [80.7187598, 26.7015338], [80.6952566, 26.6864568], [80.7285161, 26.6557816], [80.7560496, 26.6884312], [80.7933571, 26.6451985], [80.8415564, 26.6654759], [80.8800245, 26.6307316], [80.8745012, 26.6164263], [80.892019, 26.6217233], [80.8885736, 26.5991463], [80.9243165, 26.5941202], [80.9341421, 26.5687456], [80.9872784, 26.5476932], [81.0050607, 26.527441], [80.9945373, 26.5126683], [81.0081249, 26.5086883], [80.9925472, 26.5076717], [80.9983953, 26.4763485], [80.98564, 26.4852816], [80.9820225, 26.4730354], [81.0303815, 26.414454], [81.0290765, 26.3807401], [81.0497353, 26.3754504], [80.9984044, 26.350974], [80.9962421, 26.3112489], [80.9683235, 26.3068466], [80.9474876, 26.3102662], [80.9359145, 26.359431], [80.9255159, 26.3419255], [80.9157167, 26.3541304], [80.8913569, 26.3443141], [80.8902666, 26.3585674], [80.8421407, 26.3708091], [80.8269356, 26.3414093], [80.867523, 26.3228809], [80.8813796, 26.281227], [80.8238, 26.2280845], [80.818899, 26.2014468], [80.7692113, 26.2132066], [80.768984, 26.1825495], [80.6935052, 26.1612857], [80.6970381, 26.1155712], [80.6735557, 26.1234653], [80.6701935, 26.1035502], [80.647073, 26.13132], [80.6545597, 26.146129], [80.6210149, 26.1452139], [80.5916103, 26.17708], [80.6055029, 26.2188416], [80.5758824, 26.2425007], [80.516872, 26.3583605], [80.3894664, 26.4503387], [80.3694717, 26.4735128], [80.3748848, 26.5075779], [80.3055209, 26.5458166], [80.2460168, 26.6878718], [80.1640637, 26.7147645], [80.1341612, 26.7402805], [80.1168901, 26.7766289], [80.1423005, 26.8592994], [80.0439854, 26.924845]]]}}, {"type": "Feature", "properties": {"name": "Baghpat", "facilities": 33, "lat": 29.0375, "lon": 77.3063}, "geometry": {"type": "Polygon", "coordinates": [[[77.1379591, 29.0902848], [77.1472798, 29.1795941], [77.1314142, 29.2174887], [77.150002, 29.2327608], [77.1388282, 29.2662529], [77.1527203, 29.2981479], [77.2033103, 29.2743833], [77.2497342, 29.2809542], [77.3509626, 29.2411764], [77.4043239, 29.2483535], [77.5045062, 29.1913311], [77.4673786, 29.1868143], [77.4799898, 29.1708891], [77.4708035, 29.1435591], [77.4403186, 29.1299285], [77.422611, 29.0919878], [77.461736, 29.0775778], [77.4470021, 29.0685754], [77.4435056, 29.0336751], [77.4610484, 29.0246372], [77.4515908, 29.0192726], [77.4752723, 28.96596], [77.4646299, 28.9306955], [77.4411282, 28.9260121], [77.4191156, 28.8800953], [77.4028203, 28.8775677], [77.4141512, 28.8403852], [77.3900773, 28.8284889], [77.4059908, 28.7824393], [77.3633984, 28.7861368], [77.3482374, 28.8059969], [77.3046204, 28.7906251], [77.2926307, 28.8278929], [77.2306816, 28.8226275], [77.2148013, 28.8552993], [77.1894217, 28.8676774], [77.1982442, 28.8875052], [77.2281008, 28.8811861], [77.2344964, 28.9108046], [77.1964472, 28.9382096], [77.2027411, 28.9852625], [77.1891194, 29.0276684], [77.1669739, 29.033817], [77.1637626, 29.0794258], [77.1379591, 29.0902848]]]}}, {"type": "Feature", "properties": {"name": "Bijnor", "facilities": 68, "lat": 29.4074, "lon": 78.4821}, "geometry": {"type": "Polygon", "coordinates": [[[78.0230025, 29.5620172], [78.0165124, 29.5990025], [78.0572175, 29.6306407], [78.0828165, 29.6240378], [78.0794262, 29.6354434], [78.1293582, 29.6536729], [78.1778955, 29.6977457], [78.1944179, 29.6922283], [78.2028722, 29.7377002], [78.258748, 29.7388181], [78.3316706, 29.7960279], [78.5075283, 29.7285702], [78.5211121, 29.6523438], [78.5565233, 29.6083827], [78.7034797, 29.5044953], [78.7578105, 29.4959044], [78.7961767, 29.4656066], [78.9423466, 29.4348884], [78.849349, 29.3447452], [78.8266897, 29.3706381], [78.7953615, 29.3123534], [78.7706423, 29.3380768], [78.7189722, 29.3070396], [78.7714066, 29.2647172], [78.6888667, 29.2397139], [78.6702522, 29.1906986], [78.6955361, 29.2033238], [78.6983173, 29.192099], [78.6589802, 29.1764264], [78.6603284, 29.1449088], [78.6428403, 29.1580079], [78.6321115, 29.1491629], [78.6505222, 29.1210489], [78.6153745, 29.1041392], [78.6050319, 29.0762004], [78.5190296, 29.0691113], [78.4921646, 29.0422886], [78.4509229, 29.0574452], [78.3874511, 29.0208253], [78.292279, 29.0229479], [78.2872438, 29.036623], [78.2750594, 29.024032], [78.2153606, 29.0295687], [78.1652355, 29.054369], [78.1371259, 29.0439769], [78.1353235, 29.0644976], [78.0777656, 29.0802313], [78.093607, 29.1081603], [78.0902193, 29.1456098], [78.1235221, 29.1811533], [78.1078979, 29.2051265], [78.1118157, 29.2693326], [78.0634525, 29.3532626], [78.0311364, 29.3715494], [78.0457006, 29.408546], [78.0212327, 29.4296388], [78.0204223, 29.4662099], [77.9892779, 29.4854622], [77.9873689, 29.5341585], [78.0230025, 29.5620172]]]}}, {"type": "Feature", "properties": {"name": "Meerut", "facilities": 56, "lat": 29.0019, "lon": 77.768}, "geometry": {"type": "Polygon", "coordinates": [[[77.4565624, 28.9067552], [77.4752723, 28.96596], [77.4515908, 29.0192726], [77.4610484, 29.0246372], [77.4435056, 29.0336751], [77.4470021, 29.0685754], [77.4621132, 29.0763619], [77.422611, 29.0919878], [77.4403186, 29.1299285], [77.4708035, 29.1435591], [77.4799898, 29.1708891], [77.4685485, 29.1880817], [77.5015125, 29.1851332], [77.5853885, 29.2664838], [77.6202008, 29.2499341], [77.6289943, 29.226589], [77.6740292, 29.252915], [77.6849935, 29.2296679], [77.7417203, 29.2212388], [77.777653, 29.1999177], [77.7769162, 29.1851356], [77.8451127, 29.2027556], [77.8593204, 29.2282733], [77.9190162, 29.2141833], [77.9384015, 29.2374564], [77.9829725, 29.2378204], [77.9905337, 29.2560597], [78.1137876, 29.2562814], [78.1078979, 29.2051265], [78.1238583, 29.1713495], [78.0902193, 29.1456098], [78.0877809, 29.0924229], [78.0495623, 29.0690766], [78.0688574, 29.048158], [78.0772087, 28.9775414], [78.0966325, 28.9513013], [78.074261, 28.9355495], [78.1085324, 28.9177149], [78.0878521, 28.8909711], [78.1204555, 28.8770592], [78.0382705, 28.8826827], [78.0023829, 28.8514057], [77.974562, 28.856428], [77.9331427, 28.8338022], [77.9137837, 28.8606154], [77.8679465, 28.8643924], [77.8538149, 28.8323696], [77.8629471, 28.7957324], [77.8363025, 28.8045279], [77.7873873, 28.7902066], [77.7753619, 28.7638826], [77.7204505, 28.7366824], [77.6909475, 28.743444], [77.6796028, 28.7627645], [77.7079883, 28.7896432], [77.7095278, 28.8129976], [77.6920309, 28.8237657], [77.699902, 28.8530974], [77.6855628, 28.8737392], [77.4931162, 28.8954083], [77.4565624, 28.9067552]]]}}, {"type": "Feature", "properties": {"name": "Muzaffarnagar", "facilities": 68, "lat": 29.4497, "lon": 77.7429}, "geometry": {"type": "Polygon", "coordinates": [[[77.2778828, 29.2682706], [77.2789973, 29.2933405], [77.3078991, 29.3156671], [77.3086497, 29.344235], [77.3414583, 29.3329656], [77.369972, 29.3444728], [77.4238987, 29.3889153], [77.434622, 29.4242725], [77.4637619, 29.4512133], [77.4415337, 29.4697556], [77.4693817, 29.508696], [77.4516936, 29.5221948], [77.496649, 29.5695887], [77.4815366, 29.5786575], [77.5023339, 29.601342], [77.4869838, 29.6338996], [77.6010923, 29.6267878], [77.6479294, 29.592953], [77.6568179, 29.5646624], [77.6953005, 29.6195378], [77.7402115, 29.6086358], [77.8204658, 29.6736972], [77.8737116, 29.6879036], [77.8811574, 29.7027595], [77.9099107, 29.6952107], [77.928493, 29.7142773], [77.9508465, 29.7081504], [77.9384755, 29.6967991], [77.9820943, 29.6425957], [77.9756155, 29.6137194], [77.9489651, 29.6164362], [77.9312181, 29.6002525], [77.9675459, 29.5797461], [77.9950192, 29.595922], [78.0215978, 29.5808536], [78.0230025, 29.5620172], [77.9873689, 29.5341585], [77.9892779, 29.4854622], [78.0204223, 29.4662099], [78.0212327, 29.4296388], [78.0457006, 29.408546], [78.0311364, 29.3715494], [78.0634525, 29.3532626], [78.1148394, 29.2581201], [78.087347, 29.2465979], [77.9905337, 29.2560597], [77.9829725, 29.2378204], [77.9384015, 29.2374564], [77.8939625, 29.2100006], [77.8593204, 29.2282733], [77.8451127, 29.2027556], [77.7769162, 29.1851356], [77.7758853, 29.2010998], [77.6849935, 29.2296679], [77.6673428, 29.2552803], [77.6289943, 29.226589], [77.6202008, 29.2499341], [77.5853885, 29.2664838], [77.5045062, 29.1913311], [77.4043239, 29.2483535], [77.3509626, 29.2411764], [77.2778828, 29.2682706]]]}}, {"type": "Feature", "properties": {"name": "Saharanpur", "facilities": 66, "lat": 29.9857, "lon": 77.5041}, "geometry": {"type": "Polygon", "coordinates": [[[77.1497956, 29.6883629], [77.1206346, 29.7563514], [77.1786117, 29.8132051], [77.178955, 29.8480887], [77.2015285, 29.8704942], [77.1870214, 29.9106939], [77.2150039, 29.9222085], [77.2472763, 29.9768699], [77.2771034, 29.9953953], [77.275591, 30.0430902], [77.3330211, 30.0533826], [77.3762682, 30.0900254], [77.4230657, 30.103557], [77.402501, 30.1131692], [77.4237871, 30.13043], [77.428379, 30.1634214], [77.4746847, 30.1810444], [77.5379987, 30.2794702], [77.5847411, 30.3112271], [77.5776775, 30.3318776], [77.6021432, 30.369654], [77.5753165, 30.3977064], [77.5856423, 30.4054336], [77.6562595, 30.4012326], [77.7192592, 30.3308795], [77.8458594, 30.2708543], [77.8963634, 30.266124], [77.946287, 30.2333362], [77.8559017, 30.1106819], [77.8245735, 30.0860655], [77.800219, 30.0970564], [77.7706718, 30.048665], [77.78095, 30.0202616], [77.7336788, 29.957463], [77.7474117, 29.9529639], [77.7307605, 29.9326225], [77.746253, 29.9101566], [77.7164615, 29.8886132], [77.7144224, 29.8694136], [77.7405023, 29.8530392], [77.7511024, 29.811604], [77.7732467, 29.7919227], [77.772045, 29.7129541], [77.8088517, 29.7030418], [77.7979445, 29.6893949], [77.8204658, 29.6736972], [77.7883394, 29.6348627], [77.7402115, 29.6086358], [77.6953005, 29.6195378], [77.6566793, 29.5646485], [77.6182192, 29.6177638], [77.5388376, 29.6375184], [77.5273892, 29.6232273], [77.5020637, 29.6271371], [77.4837253, 29.6350748], [77.484939, 29.6564402], [77.4508124, 29.6736445], [77.432123, 29.6468676], [77.4145615, 29.659467], [77.3367996, 29.6435045], [77.2214172, 29.6972805], [77.2017148, 29.6804234], [77.1497956, 29.6883629]]]}}, {"type": "Feature", "properties": {"name": "Gautam Buddha Nagar", "facilities": 26, "lat": 28.3687, "lon": 77.597}, "geometry": {"type": "Polygon", "coordinates": [[[77.2928863, 28.5761741], [77.3412222, 28.6051404], [77.3304796, 28.6315684], [77.3985965, 28.6367843], [77.4399245, 28.6222705], [77.4565928, 28.6378881], [77.4775503, 28.627332], [77.5005626, 28.6488262], [77.5420497, 28.6335133], [77.5461376, 28.6529491], [77.5605783, 28.647595], [77.5469541, 28.6279682], [77.5618863, 28.618926], [77.5877434, 28.6404586], [77.6152832, 28.636987], [77.6145574, 28.6195073], [77.6777461, 28.5736677], [77.6867031, 28.5126081], [77.6216467, 28.4750178], [77.651341, 28.4617821], [77.6328868, 28.4274464], [77.6567686, 28.4251049], [77.6610641, 28.4510415], [77.6758765, 28.4460158], [77.6606338, 28.4288166], [77.682911, 28.4192746], [77.6675862, 28.3803747], [77.7166452, 28.3532574], [77.7162078, 28.3325732], [77.7378497, 28.3178944], [77.6881961, 28.2798754], [77.6983016, 28.2373779], [77.7284825, 28.2103243], [77.7068003, 28.1809919], [77.706594, 28.1637261], [77.7319887, 28.1574489], [77.7191717, 28.1449367], [77.7342496, 28.1269517], [77.7216021, 28.0901939], [77.6955029, 28.0867961], [77.6549751, 28.1216667], [77.6376341, 28.1029383], [77.601998, 28.1188056], [77.5673792, 28.0879717], [77.4756081, 28.0851146], [77.4819912, 28.1070514], [77.4999617, 28.0951326], [77.5123773, 28.1247858], [77.4913236, 28.136738], [77.5017813, 28.1606318], [77.5496768, 28.1792181], [77.5166003, 28.1931231], [77.4997043, 28.1819644], [77.4978751, 28.2066999], [77.5305722, 28.1985006], [77.5212474, 28.2243954], [77.550424, 28.2421001], [77.4927326, 28.2519091], [77.5070685, 28.3056742], [77.4713136, 28.3346051], [77.5048913, 28.3699962], [77.4733064, 28.3968298], [77.4778196, 28.4179709], [77.4360796, 28.431679], [77.4335303, 28.4548548], [77.3798847, 28.4705022], [77.3717558, 28.4981747], [77.3495226, 28.5020564], [77.2928863, 28.5761741]]]}}, {"type": "Feature", "properties": {"name": "Ghaziabad", "facilities": 20, "lat": 28.775, "lon": 77.4587}, "geometry": {"type": "Polygon", "coordinates": [[[77.1992428, 28.8045263], [77.2187202, 28.8108429], [77.2220326, 28.8339207], [77.2490265, 28.8226528], [77.2778845, 28.8350392], [77.3046204, 28.7906251], [77.3482374, 28.8059969], [77.3633984, 28.7861368], [77.4022697, 28.7801306], [77.3942927, 28.8037011], [77.4054905, 28.8136782], [77.3900773, 28.8284889], [77.4141512, 28.8403852], [77.4028203, 28.8775677], [77.4191156, 28.8800953], [77.4447133, 28.9277798], [77.4586968, 28.9253528], [77.4565624, 28.9067552], [77.4931162, 28.8954083], [77.582615, 28.8928301], [77.5928738, 28.8749482], [77.6423094, 28.8818878], [77.6552174, 28.8680709], [77.6801682, 28.8771429], [77.699902, 28.8530974], [77.6920309, 28.8237657], [77.7095278, 28.8129976], [77.7079883, 28.7896432], [77.6796028, 28.7627645], [77.6825817, 28.7242644], [77.6131934, 28.7325573], [77.6151633, 28.7160021], [77.5459895, 28.6847747], [77.5662117, 28.6529386], [77.5418749, 28.651674], [77.5420497, 28.6335133], [77.5005626, 28.6488262], [77.4775503, 28.627332], [77.4565928, 28.6378881], [77.4399245, 28.6222705], [77.3168228, 28.6377479], [77.3311068, 28.7131973], [77.2912591, 28.7063661], [77.2908705, 28.7227353], [77.2558344, 28.7385417], [77.2586711, 28.7526338], [77.1992428, 28.8045263]]]}}, {"type": "Feature", "properties": {"name": "Amroha", "facilities": 22, "lat": 28.7953, "lon": 78.3436}, "geometry": {"type": "Polygon", "coordinates": [[[78.0777656, 29.0802313], [78.1353235, 29.0644976], [78.1371259, 29.0439769], [78.1652355, 29.054369], [78.2153606, 29.0295687], [78.2750594, 29.024032], [78.2872438, 29.036623], [78.292279, 29.0229479], [78.3874511, 29.0208253], [78.4509229, 29.0574452], [78.4921646, 29.0422886], [78.5190296, 29.0691113], [78.5905888, 29.0697468], [78.6175226, 29.0878126], [78.6153745, 29.1041392], [78.6505222, 29.1210489], [78.6363172, 29.153698], [78.6738, 29.1431361], [78.6753028, 29.0978441], [78.6584873, 29.0838839], [78.7043764, 29.0745604], [78.6850672, 29.0636103], [78.7022456, 29.0472108], [78.6754406, 28.9963972], [78.7190057, 28.9575411], [78.683322, 28.924764], [78.7075452, 28.9105182], [78.6878776, 28.882029], [78.6589013, 28.8483434], [78.6329409, 28.8431047], [78.6222529, 28.8058236], [78.5007579, 28.7761698], [78.4831063, 28.7883681], [78.4602129, 28.7772762], [78.4457769, 28.7918111], [78.4063289, 28.7806875], [78.4220685, 28.7540868], [78.4066956, 28.6895293], [78.4240952, 28.6711098], [78.3998804, 28.6490497], [78.4391713, 28.5885364], [78.4114133, 28.462317], [78.3906639, 28.4754984], [78.3180416, 28.4332051], [78.258041, 28.4600094], [78.2629678, 28.5009791], [78.2093755, 28.5293284], [78.1985376, 28.6104634], [78.2110957, 28.6539959], [78.1633933, 28.720629], [78.1709718, 28.7406687], [78.1322759, 28.7815448], [78.1429112, 28.8415229], [78.1162541, 28.8655654], [78.1208025, 28.8784001], [78.0878521, 28.8909711], [78.1085324, 28.9177149], [78.074261, 28.9355495], [78.0966325, 28.9513013], [78.0772087, 28.9775414], [78.0688574, 29.048158], [78.0495623, 29.0690766], [78.0777656, 29.0802313]]]}}, {"type": "Feature", "properties": {"name": "Aligarh", "facilities": 66, "lat": 27.8761, "lon": 78.1358}, "geometry": {"type": "Polygon", "coordinates": [[[77.4756081, 28.0851146], [77.5673792, 28.0879717], [77.601998, 28.1188056], [77.6376341, 28.1029383], [77.6549751, 28.1216667], [77.6955029, 28.0867961], [77.715333, 28.088007], [77.7522793, 28.1596286], [77.772662, 28.1365709], [77.8397965, 28.1798857], [77.8412792, 28.1389795], [77.8640526, 28.140573], [77.9320347, 28.085729], [77.9936671, 28.0777938], [78.0337329, 28.1286494], [78.0613523, 28.1130285], [78.0806, 28.1197007], [78.0772626, 28.1014643], [78.0990618, 28.1101095], [78.1214594, 28.0837168], [78.1132907, 28.067104], [78.1353964, 28.0597233], [78.2334234, 28.1124272], [78.2952301, 28.1137028], [78.3395053, 28.1467065], [78.3687366, 28.1306329], [78.3710238, 28.0935835], [78.387562, 28.1048551], [78.4010843, 28.0872598], [78.4446483, 28.0817423], [78.4795022, 28.1135935], [78.5155675, 28.0861664], [78.5070569, 28.0791866], [78.5309941, 28.0439595], [78.5790121, 28.0638214], [78.5730733, 28.0498095], [78.6047011, 28.0384832], [78.5890284, 28.0337085], [78.6077205, 28.0179949], [78.5938851, 28.0118397], [78.5996804, 27.981351], [78.5738252, 27.9367735], [78.5309485, 27.9093935], [78.4918125, 27.8574277], [78.5142536, 27.8413677], [78.5104647, 27.802127], [78.4634195, 27.8108107], [78.4454962, 27.8389941], [78.40847, 27.8479208], [78.3634699, 27.7861627], [78.3705008, 27.7482309], [78.2711653, 27.7064327], [78.2403951, 27.6650462], [78.1729368, 27.716088], [78.1819551, 27.7464424], [78.169854, 27.7617456], [78.0663912, 27.7702122], [78.0614022, 27.793168], [78.0183983, 27.7607858], [78.0439062, 27.7456571], [78.0307177, 27.7327482], [78.0123662, 27.7401836], [78.0152987, 27.7163578], [77.9912755, 27.6919674], [78.0228085, 27.6676885], [78.0211146, 27.6462014], [77.9839732, 27.6316961], [78.0001561, 27.6032302], [77.9714582, 27.5958631], [77.956895, 27.6147976], [77.8978465, 27.5786642], [77.8848974, 27.5886998], [77.8742695, 27.5714387], [77.8490322, 27.6061941], [77.8624248, 27.6216422], [77.8482933, 27.6548312], [77.7886236, 27.6844102], [77.8016055, 27.7495598], [77.834476, 27.757072], [77.8145355, 27.7775428], [77.8136425, 27.8143188], [77.7807208, 27.8407619], [77.8089529, 27.8591866], [77.7641187, 27.8746039], [77.7650299, 27.9026142], [77.7304772, 27.9338501], [77.6731287, 27.9449396], [77.6565577, 27.9658059], [77.6431104, 27.9677595], [77.6212687, 27.9330233], [77.5925215, 27.9380052], [77.5570457, 27.9113992], [77.5280449, 27.9208564], [77.5462004, 27.9577867], [77.5168763, 27.9711205], [77.5424553, 27.9890805], [77.5127368, 28.0318953], [77.4829087, 28.0407618], [77.5010916, 28.0590035], [77.4756081, 28.0851146]]]}}, {"type": "Feature", "properties": {"name": "Bulandshahr", "facilities": 43, "lat": 28.3874, "lon": 77.9744}, "geometry": {"type": "Polygon", "coordinates": [[[77.6216467, 28.4750178], [77.6859924, 28.5114054], [77.6852586, 28.5558063], [77.7478647, 28.5589169], [77.7551576, 28.5831136], [77.7776329, 28.5865062], [77.7959301, 28.6175757], [77.8550884, 28.6550863], [77.9018051, 28.6337376], [77.9112476, 28.6511113], [77.9003805, 28.6652865], [77.9629166, 28.7153555], [78.0183839, 28.683332], [78.0794763, 28.6740404], [78.1301743, 28.635334], [78.1516852, 28.6454837], [78.2105636, 28.6268376], [78.1985376, 28.6104634], [78.2093755, 28.5293284], [78.2629678, 28.5009791], [78.258041, 28.4600094], [78.3110521, 28.4234449], [78.2598891, 28.3670321], [78.3008844, 28.3192764], [78.3129781, 28.2743078], [78.3544888, 28.2697982], [78.3984244, 28.1850385], [78.4573751, 28.1517339], [78.4774771, 28.1130567], [78.4446483, 28.0817423], [78.4243928, 28.0935015], [78.4123376, 28.0832505], [78.387562, 28.1048551], [78.3689644, 28.0950414], [78.3687366, 28.1306329], [78.3395053, 28.1467065], [78.2952301, 28.1137028], [78.2334234, 28.1124272], [78.1247901, 28.0591766], [78.0990618, 28.1101095], [78.0772626, 28.1014643], [78.0806, 28.1197007], [78.0613523, 28.1130285], [78.0337329, 28.1286494], [77.9936671, 28.0777938], [77.9320347, 28.085729], [77.8640526, 28.140573], [77.8412792, 28.1389795], [77.8397965, 28.1798857], [77.772662, 28.1365709], [77.7538677, 28.1606296], [77.7310914, 28.1302052], [77.7191717, 28.1449367], [77.7319887, 28.1574489], [77.706594, 28.1637261], [77.7284825, 28.2103243], [77.6983016, 28.2373779], [77.6881961, 28.2798754], [77.7378497, 28.3178944], [77.7162078, 28.3325732], [77.7166452, 28.3532574], [77.6675862, 28.3803747], [77.682911, 28.4192746], [77.6606338, 28.4288166], [77.6758765, 28.4460158], [77.6632914, 28.4529474], [77.6610641, 28.4510415], [77.6567686, 28.4251049], [77.6328868, 28.4274464], [77.651341, 28.4617821], [77.6216467, 28.4750178]]]}}, {"type": "Feature", "properties": {"name": "Hathras", "facilities": 32, "lat": 27.5724, "lon": 78.1116}, "geometry": {"type": "Polygon", "coordinates": [[[77.8771534, 27.5228364], [77.9047371, 27.5540952], [77.8993955, 27.5805048], [77.9195877, 27.6014624], [77.960446, 27.6153309], [77.9714582, 27.5958631], [78.0018997, 27.6056139], [77.9839732, 27.6316961], [78.0211146, 27.6462014], [78.0228085, 27.6676885], [77.9912755, 27.6919674], [78.0152987, 27.7163578], [78.0123662, 27.7401836], [78.0307177, 27.7327482], [78.0439062, 27.7456571], [78.0183983, 27.7607858], [78.0614022, 27.793168], [78.0663912, 27.7702122], [78.169854, 27.7617456], [78.1819551, 27.7464424], [78.1729368, 27.716088], [78.2403951, 27.6650462], [78.2711653, 27.7064327], [78.3705008, 27.7482309], [78.364191, 27.7876059], [78.4211216, 27.8466756], [78.4745756, 27.8101011], [78.4727333, 27.7617844], [78.5272823, 27.7246296], [78.5066029, 27.706193], [78.5164309, 27.6701753], [78.4999416, 27.6176138], [78.470417, 27.6196063], [78.4153442, 27.5794577], [78.3990385, 27.5901684], [78.3914272, 27.5699337], [78.3629518, 27.5604349], [78.3606628, 27.5751219], [78.3327629, 27.583082], [78.3145364, 27.5432675], [78.281143, 27.5557838], [78.2720034, 27.5252946], [78.2133744, 27.5241917], [78.1989148, 27.458927], [78.1738501, 27.4297694], [78.1995146, 27.434303], [78.1970019, 27.4025165], [78.1789611, 27.4092226], [78.1753273, 27.3894699], [78.135581, 27.364488], [78.1041235, 27.3688842], [78.0801777, 27.3934172], [78.0507539, 27.3712628], [78.0841755, 27.3578427], [78.0715084, 27.335442], [78.0439782, 27.3487652], [78.0173707, 27.3224984], [77.9630714, 27.3295912], [77.9408376, 27.2969515], [77.8879452, 27.3382742], [77.9075242, 27.384831], [77.8928398, 27.4161255], [77.9320476, 27.4216581], [77.9310429, 27.4395147], [77.8948222, 27.4489181], [77.9280878, 27.4733395], [77.9003094, 27.5172439], [77.8771534, 27.5228364]]]}}, {"type": "Feature", "properties": {"name": "Mathura", "facilities": 34, "lat": 27.603, "lon": 77.5861}, "geometry": {"type": "Polygon", "coordinates": [[[77.2839806, 27.8015787], [77.2964546, 27.8252121], [77.3306605, 27.8307381], [77.3478206, 27.8553434], [77.4219905, 27.8543468], [77.4092722, 27.8740241], [77.42007, 27.8903915], [77.4504927, 27.8709955], [77.4712043, 27.8829413], [77.4873475, 27.9357278], [77.5570457, 27.9113992], [77.5925215, 27.9380052], [77.6236116, 27.9343239], [77.6431104, 27.9677595], [77.6731287, 27.9449396], [77.7304772, 27.9338501], [77.7650299, 27.9026142], [77.7641187, 27.8746039], [77.8089529, 27.8591866], [77.7807208, 27.8407619], [77.8136425, 27.8143188], [77.8145355, 27.7775428], [77.834476, 27.757072], [77.8016055, 27.7495598], [77.7886236, 27.6844102], [77.8482933, 27.6548312], [77.8624248, 27.6216422], [77.8490322, 27.6061941], [77.8686368, 27.5720188], [77.8897619, 27.5904959], [77.9099496, 27.5654318], [77.87384, 27.5301378], [77.9274681, 27.4759914], [77.8948222, 27.4489181], [77.9310429, 27.4395147], [77.9320476, 27.4216581], [77.8928398, 27.4161255], [77.9075242, 27.384831], [77.8879452, 27.3382742], [77.9408376, 27.2969515], [77.9630714, 27.3295912], [77.9800159, 27.3258308], [77.9891777, 27.2855579], [77.9609095, 27.2676954], [77.952883, 27.294479], [77.9287318, 27.2667609], [77.9383643, 27.2441128], [77.9262129, 27.2332014], [77.9052855, 27.2506199], [77.9116608, 27.2885614], [77.8809711, 27.2957182], [77.8629365, 27.2773856], [77.8829111, 27.2690983], [77.8790897, 27.2535054], [77.8516317, 27.2593376], [77.851763, 27.296441], [77.8178783, 27.2748348], [77.8192228, 27.2608469], [77.7908278, 27.2584009], [77.7826777, 27.2344728], [77.7574222, 27.2479883], [77.6998802, 27.2543899], [77.6666309, 27.2402798], [77.6169061, 27.2569377], [77.621541, 27.2749049], [77.5988653, 27.2971664], [77.6217556, 27.3137478], [77.6226577, 27.3362047], [77.5838231, 27.3212301], [77.5070428, 27.3778649], [77.4404421, 27.3902097], [77.4213434, 27.42212], [77.4377466, 27.4562111], [77.4015175, 27.4757725], [77.3829795, 27.5158137], [77.3405155, 27.525471], [77.33662, 27.5700078], [77.3580848, 27.5887851], [77.3171138, 27.6068548], [77.3526206, 27.6509953], [77.3410063, 27.703479], [77.3035981, 27.7097313], [77.3188333, 27.7365205], [77.3104776, 27.7880671], [77.2839806, 27.8015787]]]}}, {"type": "Feature", "properties": {"name": "Bareilly", "facilities": 71, "lat": 28.4582, "lon": 79.4047}, "geometry": {"type": "Polygon", "coordinates": [[[78.9696849, 28.422014], [79.0301799, 28.4462369], [79.0525219, 28.4755384], [79.0418989, 28.4861059], [79.0696583, 28.4850956], [79.0750681, 28.5082119], [79.1300663, 28.5151658], [79.1602278, 28.5606078], [79.2049986, 28.5717792], [79.2210388, 28.6142288], [79.2423684, 28.627268], [79.2341197, 28.6593086], [79.2766002, 28.6877452], [79.2955244, 28.7311648], [79.3598318, 28.7524736], [79.351865, 28.7846449], [79.3832078, 28.7720563], [79.3644592, 28.8333005], [79.4039028, 28.8324634], [79.4099914, 28.8529994], [79.3802405, 28.8596625], [79.4146609, 28.8679086], [79.3850515, 28.8954005], [79.4184531, 28.8875772], [79.4218018, 28.9003844], [79.42523, 28.8662862], [79.4400136, 28.8615212], [79.5317459, 28.870533], [79.555132, 28.899737], [79.5832872, 28.8805668], [79.5826864, 28.8481696], [79.6354938, 28.8679781], [79.683516, 28.853338], [79.6686407, 28.8383405], [79.6786434, 28.791999], [79.667599, 28.7659703], [79.6902613, 28.7404561], [79.6272537, 28.68633], [79.6218121, 28.6424111], [79.6370151, 28.6337506], [79.625475, 28.6120758], [79.6404195, 28.5950182], [79.6696448, 28.6068728], [79.6769615, 28.5865713], [79.7077935, 28.5843917], [79.6900464, 28.547448], [79.7230167, 28.554903], [79.7082622, 28.5256595], [79.7354993, 28.5117488], [79.7288713, 28.523084], [79.7515367, 28.5302144], [79.7549921, 28.5124041], [79.7815066, 28.5045302], [79.7754308, 28.4611956], [79.7914271, 28.4436211], [79.7699623, 28.4337246], [79.7627866, 28.4578148], [79.7499931, 28.4550388], [79.7561454, 28.4090127], [79.7281668, 28.4141575], [79.6962725, 28.3855412], [79.7333687, 28.3676241], [79.6970612, 28.3095664], [79.7386934, 28.2773043], [79.7415328, 28.2554071], [79.7018015, 28.2565248], [79.7122913, 28.2395906], [79.6893741, 28.2245142], [79.692911, 28.2074624], [79.6698548, 28.2107523], [79.6581429, 28.1997799], [79.6681101, 28.1803671], [79.6356619, 28.1441074], [79.6585711, 28.1136897], [79.6439834, 28.0701919], [79.6013851, 28.0859926], [79.551248, 28.0479178], [79.5317205, 28.0576861], [79.504179, 28.015352], [79.4854434, 28.0455909], [79.5069211, 28.0646364], [79.5052088, 28.1043941], [79.4241471, 28.1737025], [79.373744, 28.1799146], [79.3307555, 28.1602678], [79.3106582, 28.1868301], [79.2580023, 28.1738854], [79.2281628, 28.1994045], [79.1862121, 28.2034695], [79.1766016, 28.1864119], [79.1128447, 28.2013123], [79.1011622, 28.2205275], [79.1142264, 28.2386116], [79.0782492, 28.2663002], [79.0841422, 28.3246601], [79.0606536, 28.3323626], [79.0676879, 28.3716418], [79.0429278, 28.3908065], [79.0070983, 28.390276], [78.9696849, 28.422014]]]}}, {"type": "Feature", "properties": {"name": "Moradabad", "facilities": 29, "lat": 28.8797, "lon": 78.8095}, "geometry": {"type": "Polygon", "coordinates": [[[78.6247556, 28.8087769], [78.6329409, 28.8431047], [78.6589013, 28.8483434], [78.7058705, 28.9068148], [78.683322, 28.924764], [78.7190057, 28.9575411], [78.6754406, 28.9963972], [78.7022456, 29.0472108], [78.6850672, 29.0636103], [78.7022174, 29.0798143], [78.6584873, 29.0838839], [78.6753028, 29.0978441], [78.6766892, 29.133514], [78.6533075, 29.1669346], [78.6983173, 29.192099], [78.6955361, 29.2033238], [78.6702522, 29.1906986], [78.6888667, 29.2397139], [78.7526165, 29.268161], [78.8194077, 29.232299], [78.8595134, 29.2414921], [78.8752161, 29.2051682], [78.9087501, 29.1785618], [78.9187581, 29.1355345], [78.9063344, 29.125014], [78.9836982, 29.1235404], [78.9675926, 29.1204306], [78.9737529, 29.1082281], [78.9462845, 29.0780941], [78.9565814, 29.0680309], [78.927795, 29.0583042], [78.9345338, 29.0175627], [78.9025058, 28.9962481], [78.9257574, 28.9785073], [78.9154228, 28.9639258], [78.9356492, 28.9423549], [78.9177127, 28.8966321], [78.9383, 28.8902252], [78.9335003, 28.8638982], [78.9732939, 28.8492858], [78.9702808, 28.8248173], [78.9972876, 28.8237252], [78.9943769, 28.7939067], [78.974097, 28.780655], [79.0010796, 28.7642212], [78.9711014, 28.7412364], [78.9599747, 28.7015816], [78.9011549, 28.6855431], [78.8729021, 28.7236094], [78.8585029, 28.6772809], [78.8596509, 28.659192], [78.9381629, 28.5816368], [78.9362132, 28.5621225], [78.9205137, 28.5716859], [78.8998404, 28.5464378], [78.8915946, 28.5630353], [78.8777662, 28.5410116], [78.8646197, 28.5566616], [78.8593953, 28.5345866], [78.8343261, 28.543122], [78.813049, 28.5222717], [78.7949775, 28.5471245], [78.7763735, 28.5426275], [78.7093012, 28.4912072], [78.6986374, 28.5153264], [78.6685717, 28.5296965], [78.6970062, 28.5796185], [78.7157803, 28.5740149], [78.717463, 28.5978251], [78.6889762, 28.614313], [78.6923558, 28.6423435], [78.6428997, 28.6687124], [78.6811541, 28.7638921], [78.6440333, 28.806646], [78.6247556, 28.8087769]]]}}, {"type": "Feature", "properties": {"name": "Rampur", "facilities": 42, "lat": 28.7935, "lon": 79.1846}, "geometry": {"type": "Polygon", "coordinates": [[[78.8678526, 28.7176182], [78.8852068, 28.7191663], [78.8798764, 28.7011998], [78.9011549, 28.6855431], [78.9447722, 28.6945208], [79.0010796, 28.7642212], [78.974097, 28.780655], [78.9943769, 28.7939067], [78.9972876, 28.8237252], [78.9702808, 28.8248173], [78.9732939, 28.8492858], [78.9335003, 28.8638982], [78.9383, 28.8902252], [78.9177127, 28.8966321], [78.9356492, 28.9423549], [78.9154228, 28.9639258], [78.9257574, 28.9785073], [78.9025058, 28.9962481], [78.9347829, 29.0179724], [78.927795, 29.0583042], [78.9565814, 29.0680309], [78.9462845, 29.0780941], [78.9737529, 29.1082281], [78.9675926, 29.1204306], [78.9836982, 29.1235404], [78.9798755, 29.1416826], [79.0086507, 29.1126131], [79.035902, 29.1192493], [79.0149379, 29.1336262], [79.0190148, 29.1558155], [79.0392456, 29.1454897], [79.0347003, 29.1684261], [79.144392, 29.1225485], [79.1442697, 29.0659119], [79.17454, 29.0473535], [79.1612825, 29.0238215], [79.1721153, 29.0116308], [79.2108281, 29.0265243], [79.3065691, 28.9662841], [79.3133926, 28.9764213], [79.3638203, 28.9667828], [79.3720605, 28.9876736], [79.3850607, 28.9509428], [79.4081926, 28.9514896], [79.427247, 28.9210303], [79.4184531, 28.8875772], [79.3848629, 28.8950309], [79.4145743, 28.8701724], [79.3802405, 28.8596625], [79.4099914, 28.8529994], [79.4042062, 28.8327161], [79.3644592, 28.8333005], [79.3832078, 28.7720563], [79.3513532, 28.7842738], [79.3598318, 28.7524736], [79.3062995, 28.7426947], [79.2766002, 28.6877452], [79.2352098, 28.6610433], [79.2295025, 28.6376458], [79.2423684, 28.627268], [79.2210388, 28.6142288], [79.2049986, 28.5717792], [79.1602278, 28.5606078], [79.1300663, 28.5151658], [79.0750681, 28.5082119], [79.0696583, 28.4850956], [79.0447527, 28.4885799], [79.0503348, 28.4709591], [78.9996529, 28.4285123], [78.9503836, 28.4223444], [78.935203, 28.4684396], [78.9594321, 28.508294], [78.9436283, 28.527156], [78.9588789, 28.5499014], [78.8596509, 28.659192], [78.8678526, 28.7176182]]]}}, {"type": "Feature", "properties": {"name": "Agra", "facilities": 72, "lat": 27.0756, "lon": 77.8754}, "geometry": {"type": "Polygon", "coordinates": [[[77.4546504, 26.7419435], [77.467432, 26.7735069], [77.4338226, 26.7672636], [77.4291068, 26.8015196], [77.3979471, 26.8304371], [77.4307608, 26.8483297], [77.4271738, 26.8641317], [77.4857783, 26.898822], [77.5831103, 26.9239449], [77.6610369, 26.9713041], [77.6719022, 26.9607103], [77.7623033, 27.0007713], [77.7478409, 27.0306309], [77.7334642, 27.0260053], [77.7303314, 26.9941942], [77.7124357, 26.9962018], [77.6792836, 27.0465324], [77.6676321, 27.0189518], [77.6417327, 27.0256039], [77.6309609, 27.0101773], [77.5795698, 27.0373969], [77.5631118, 27.0287577], [77.5773597, 27.0683359], [77.5248098, 27.0638647], [77.5252604, 27.0870977], [77.5072145, 27.0893329], [77.6006412, 27.1202575], [77.6187515, 27.1732813], [77.6422691, 27.1640798], [77.6748848, 27.1842953], [77.6667308, 27.2087246], [77.6462414, 27.2107781], [77.6443148, 27.2436006], [77.6843884, 27.2408334], [77.6998802, 27.2543899], [77.7826777, 27.2344728], [77.7908278, 27.2584009], [77.8192228, 27.2608469], [77.8178783, 27.2748348], [77.851763, 27.296441], [77.8516317, 27.2593376], [77.873023, 27.2508803], [77.8829111, 27.2690983], [77.8654177, 27.272776], [77.8642829, 27.2894639], [77.8809711, 27.2957182], [77.9116608, 27.2885614], [77.9052855, 27.2506199], [77.9262129, 27.2332014], [77.9383643, 27.2441128], [77.9287318, 27.2667609], [77.952883, 27.294479], [77.9609095, 27.2676954], [77.9891777, 27.2855579], [77.9805619, 27.3254226], [78.0173707, 27.3224984], [78.0439782, 27.3487652], [78.0744266, 27.3382249], [78.084611, 27.3570423], [78.0505272, 27.3695255], [78.0560801, 27.3812922], [78.0811749, 27.3932266], [78.1041235, 27.3688842], [78.135581, 27.364488], [78.1753273, 27.3894699], [78.1789611, 27.4092226], [78.295361, 27.383046], [78.26747, 27.30318], [78.193984, 27.307809], [78.219969, 27.287809], [78.194221, 27.191685], [78.2200561, 27.1612342], [78.2001828, 27.1213874], [78.2292455, 27.0939764], [78.2239104, 27.0768115], [78.2588605, 27.0858568], [78.2410228, 27.1128221], [78.2829809, 27.0808117], [78.3016723, 27.1252144], [78.3216619, 27.1097147], [78.3415746, 27.1292716], [78.3701563, 27.1238097], [78.3112598, 27.097864], [78.3116841, 27.0531446], [78.3595347, 27.0830858], [78.4251399, 27.0521179], [78.453067, 27.0087363], [78.451181, 26.983658], [78.481101, 26.9916588], [78.482337, 26.9646118], [78.5113692, 26.9607294], [78.5152969, 26.939941], [78.5270118, 26.9381207], [78.5121535, 26.9679822], [78.5214972, 26.9754169], [78.5738754, 26.961284], [78.5717082, 26.9430368], [78.5974788, 26.9176695], [78.608705, 26.9262148], [78.5960841, 26.9501524], [78.6204815, 26.9446819], [78.617692, 26.916885], [78.6397951, 26.8813602], [78.6743831, 26.8792441], [78.6745333, 26.9184348], [78.7082469, 26.9181241], [78.719573, 26.8990708], [78.7420177, 26.9207689], [78.7433052, 26.8910716], [78.7662249, 26.9066958], [78.7866926, 26.8787464], [78.7811565, 26.8638549], [78.8095235, 26.8730427], [78.8537316, 26.8087746], [78.8333658, 26.7892816], [78.7930462, 26.8012918], [78.7768654, 26.7584581], [78.7535969, 26.7870122], [78.7281518, 26.7757428], [78.7220977, 26.7972787], [78.684525, 26.7887538], [78.6705286, 26.7624067], [78.6284461, 26.7732292], [78.6129984, 26.7524304], [78.5774637, 26.7488552], [78.5232304, 26.7803146], [78.4616975, 26.7881856], [78.4342927, 26.8257052], [78.3990484, 26.81848], [78.3626478, 26.8692373], [78.2825134, 26.8544354], [78.2691369, 26.8138429], [78.2219964, 26.8304643], [78.1970787, 26.881847], [78.2074642, 26.8689849], [78.2330846, 26.874038], [78.2720089, 26.9221465], [78.2549459, 26.9353203], [78.2384168, 26.9266092], [78.2243993, 26.9464385], [78.2097924, 26.9311478], [78.1721878, 26.9482015], [78.1169557, 26.9460113], [78.1221056, 26.9221465], [78.1019353, 26.9172868], [78.1107008, 26.8957984], [78.0486618, 26.9100321], [78.0561937, 26.8683018], [78.0269734, 26.8499167], [78.0359707, 26.8707551], [78.0144435, 26.9022186], [77.947834, 26.8933918], [77.9062095, 26.9178744], [77.8970327, 26.8839778], [77.8504547, 26.9126802], [77.7605009, 26.9326687], [77.7532011, 26.9168064], [77.7317255, 26.9202899], [77.7225549, 26.8742789], [77.686428, 26.8759206], [77.6077078, 26.8278367], [77.6080386, 26.8391591], [77.5253982, 26.8188731], [77.520318, 26.8416489], [77.5015014, 26.8443148], [77.4874429, 26.7872429], [77.5027778, 26.7694768], [77.4546504, 26.7419435]]]}}, {"type": "Feature", "properties": {"name": "Badaun", "facilities": 54, "lat": 28.0649, "lon": 79.0438}, "geometry": {"type": "Polygon", "coordinates": [[[78.5730733, 28.0498095], [78.5913135, 28.0846178], [78.5722411, 28.1022793], [78.5938644, 28.1330923], [78.5746577, 28.1425764], [78.6110679, 28.1659976], [78.5922442, 28.1856255], [78.6368499, 28.2222806], [78.6435493, 28.2902215], [78.6623312, 28.3087312], [78.6525118, 28.3180281], [78.7070187, 28.3664362], [78.7590771, 28.3718125], [78.7668064, 28.4049627], [78.7942335, 28.3979107], [78.8122212, 28.4445592], [78.8580698, 28.4469493], [78.8828259, 28.4722547], [78.9407294, 28.4601744], [78.9527867, 28.4189943], [78.9959092, 28.4112248], [79.0070983, 28.390276], [79.0592105, 28.3831627], [79.0606536, 28.3323626], [79.0829771, 28.3261378], [79.0884776, 28.2993506], [79.0785603, 28.265061], [79.1142264, 28.2386116], [79.1011622, 28.2205275], [79.1120231, 28.2018148], [79.1766016, 28.1864119], [79.1862121, 28.2034695], [79.2281628, 28.1994045], [79.2580023, 28.1738854], [79.3106582, 28.1868301], [79.3307555, 28.1602678], [79.373744, 28.1799146], [79.4241471, 28.1737025], [79.4582982, 28.1362353], [79.495328, 28.1227489], [79.5100412, 28.0759018], [79.4854434, 28.0455909], [79.5080802, 28.0000713], [79.4817773, 27.9997891], [79.4571963, 27.9607359], [79.4713767, 27.9658758], [79.4895153, 27.9469241], [79.4536537, 27.8870958], [79.4854443, 27.8487825], [79.4169754, 27.83029], [79.4045843, 27.8447536], [79.3936956, 27.8184038], [79.3788376, 27.8232681], [79.359128, 27.8033064], [79.3462312, 27.7525768], [79.3605556, 27.7348518], [79.3228867, 27.7255391], [79.3519947, 27.6578044], [79.2915785, 27.6859847], [79.2938094, 27.6702206], [79.235131, 27.7084896], [79.2274526, 27.6924085], [79.1814335, 27.7153259], [79.1960688, 27.7501842], [79.1337537, 27.8140621], [79.1473429, 27.8291151], [79.1219077, 27.8470819], [79.0970909, 27.829905], [79.0699364, 27.8438312], [79.0008595, 27.8378232], [79.0160308, 27.8563993], [78.984194, 27.8741663], [78.9637393, 27.8471773], [78.9175132, 27.8500493], [78.9204066, 27.875111], [78.8876094, 27.9159713], [78.8622739, 27.9123138], [78.8030185, 27.9555732], [78.7657128, 27.9630867], [78.7573719, 27.9485377], [78.7222925, 27.9636324], [78.6996898, 27.9956398], [78.6534737, 28.0078965], [78.6660542, 28.0159595], [78.628075, 28.0279454], [78.6077205, 28.0179949], [78.5890284, 28.0337085], [78.6047011, 28.0384832], [78.5730733, 28.0498095]]]}}, {"type": "Feature", "properties": {"name": "Etah", "facilities": 33, "lat": 27.555, "lon": 78.5992}, "geometry": {"type": "Polygon", "coordinates": [[[78.1970019, 27.4025165], [78.1995146, 27.434303], [78.1738501, 27.4297694], [78.1989148, 27.458927], [78.2133744, 27.5241917], [78.2720034, 27.5252946], [78.281143, 27.5557838], [78.3145364, 27.5432675], [78.3327629, 27.583082], [78.3606628, 27.5751219], [78.3629518, 27.5604349], [78.3914272, 27.5699337], [78.3990385, 27.5901684], [78.4153442, 27.5794577], [78.470417, 27.6196063], [78.4999416, 27.6176138], [78.5164309, 27.6701753], [78.5066029, 27.706193], [78.5272823, 27.7246296], [78.5108527, 27.740524], [78.5520789, 27.7861849], [78.5666747, 27.768003], [78.5997097, 27.7712488], [78.6117728, 27.7439683], [78.6878501, 27.7416004], [78.6956712, 27.6853649], [78.741271, 27.6340268], [78.7748528, 27.6362128], [78.8109075, 27.6029674], [78.8589651, 27.5951371], [78.8544459, 27.5784625], [78.8864973, 27.5876491], [78.8969223, 27.5685678], [78.8868625, 27.5521327], [78.9681058, 27.5678923], [78.9828061, 27.6004527], [78.9671525, 27.615011], [78.9952873, 27.6473025], [79.0314509, 27.5840035], [79.0759169, 27.5579469], [79.1428521, 27.5618968], [79.1590077, 27.5782151], [79.2027667, 27.5635244], [79.2157886, 27.5789637], [79.2302667, 27.5556568], [79.2205472, 27.5364256], [79.2732598, 27.5146033], [79.2464916, 27.4721092], [79.2597115, 27.4284368], [79.2237876, 27.4112627], [79.2555867, 27.393414], [79.2543208, 27.370726], [79.2772342, 27.3505148], [79.2448566, 27.3236757], [79.2090762, 27.3350507], [79.1736276, 27.3767216], [79.1408453, 27.3780163], [79.1410528, 27.3980784], [79.1151968, 27.406146], [79.1067591, 27.4347895], [79.0692769, 27.4176806], [78.9985522, 27.4324653], [78.9608707, 27.4182569], [78.9386756, 27.4316845], [78.9394767, 27.4510619], [78.8870588, 27.4733853], [78.8378796, 27.4105465], [78.8544363, 27.3923143], [78.8340035, 27.3610521], [78.734607, 27.3319542], [78.7121345, 27.3798467], [78.6852895, 27.3834626], [78.6702146, 27.4164109], [78.643261, 27.4205439], [78.6618291, 27.4898579], [78.6300261, 27.4882692], [78.6063979, 27.5107243], [78.5437615, 27.442134], [78.5109337, 27.4640768], [78.4912324, 27.4232663], [78.4636745, 27.4248579], [78.4914529, 27.3875358], [78.4776806, 27.3429415], [78.4565338, 27.3745157], [78.3870687, 27.3621423], [78.3522663, 27.3969036], [78.3188152, 27.3753692], [78.3005051, 27.3935441], [78.2867288, 27.383962], [78.1970019, 27.4025165]]]}}, {"type": "Feature", "properties": {"name": "Firozabad", "facilities": 56, "lat": 27.1942, "lon": 78.4605}, "geometry": {"type": "Polygon", "coordinates": [[[78.196856, 27.184894], [78.219969, 27.287809], [78.193984, 27.307809], [78.26747, 27.30318], [78.2965821, 27.3920577], [78.3229856, 27.3752297], [78.3567616, 27.3954239], [78.3870687, 27.3621423], [78.4565338, 27.3745157], [78.4776806, 27.3429415], [78.4914529, 27.3875358], [78.4636745, 27.4248579], [78.4912324, 27.4232663], [78.5109337, 27.4640768], [78.5437615, 27.442134], [78.6103146, 27.5099136], [78.6300261, 27.4882692], [78.6618291, 27.4898579], [78.643261, 27.4205439], [78.6685438, 27.4177624], [78.6750379, 27.3931798], [78.7181339, 27.368751], [78.7183968, 27.2839521], [78.6883852, 27.2696975], [78.7194806, 27.2636591], [78.7608624, 27.2250262], [78.7254573, 27.1944843], [78.8203854, 27.1449262], [78.7912762, 27.1386784], [78.8068648, 27.1200229], [78.7991563, 27.1002602], [78.7655034, 27.106955], [78.7763195, 27.0607337], [78.7640627, 27.0528128], [78.7883676, 27.0422402], [78.7732777, 27.0308668], [78.7934533, 27.0163058], [78.7817138, 27.0025135], [78.8185839, 26.9843934], [78.8082966, 26.9578243], [78.7768276, 26.9487893], [78.7499666, 26.9168797], [78.7318897, 26.9194297], [78.7248087, 26.8994535], [78.7082469, 26.9181241], [78.677516, 26.9191044], [78.6743831, 26.8792441], [78.6397951, 26.8813602], [78.617692, 26.916885], [78.6204815, 26.9446819], [78.5960841, 26.9501524], [78.608705, 26.9262148], [78.5974788, 26.9176695], [78.5717082, 26.9430368], [78.5738754, 26.961284], [78.5214972, 26.9754169], [78.5121535, 26.9679822], [78.5270118, 26.9381207], [78.5152969, 26.939941], [78.5113692, 26.9607294], [78.482337, 26.9646118], [78.481101, 26.9916588], [78.451181, 26.983658], [78.453067, 27.0087363], [78.4251399, 27.0521179], [78.3595347, 27.0830858], [78.3116841, 27.0531446], [78.3112598, 27.097864], [78.3701563, 27.1238097], [78.3415746, 27.1292716], [78.3216619, 27.1097147], [78.3016723, 27.1252144], [78.2829809, 27.0808117], [78.2410228, 27.1128221], [78.2588605, 27.0858568], [78.2239104, 27.0768115], [78.2292455, 27.0939764], [78.2001828, 27.1213874], [78.2200561, 27.1612342], [78.196856, 27.184894]]]}}, {"type": "Feature", "properties": {"name": "Farrukhabad", "facilities": 32, "lat": 27.4362, "lon": 79.4895}, "geometry": {"type": "Polygon", "coordinates": [[[79.1814335, 27.7153259], [79.2274526, 27.6924085], [79.235131, 27.7084896], [79.2938094, 27.6702206], [79.2903242, 27.68543], [79.3026034, 27.6833403], [79.3521995, 27.647304], [79.3910286, 27.6471574], [79.4249619, 27.6271627], [79.4440277, 27.6423933], [79.4755026, 27.6247535], [79.474566, 27.599078], [79.4938387, 27.5887952], [79.5192794, 27.6043542], [79.5336971, 27.5920949], [79.6117039, 27.5921996], [79.5913778, 27.6196834], [79.6506014, 27.633211], [79.6483739, 27.6133626], [79.6608124, 27.6133246], [79.6386078, 27.5764326], [79.6589935, 27.5775384], [79.6518133, 27.5663249], [79.6701913, 27.5467076], [79.6577209, 27.542633], [79.6539673, 27.5048837], [79.702805, 27.4962879], [79.694826, 27.4691918], [79.7095833, 27.4798444], [79.716266, 27.450865], [79.7371968, 27.4448347], [79.7174732, 27.4343127], [79.7258292, 27.4158343], [79.6867785, 27.3698862], [79.7288073, 27.3085106], [79.7310515, 27.2777757], [79.6937759, 27.2523457], [79.7181152, 27.211681], [79.6976092, 27.2156399], [79.6684751, 27.1664481], [79.6050486, 27.1876715], [79.5998611, 27.1723396], [79.5565072, 27.1567829], [79.5183917, 27.2089169], [79.4388594, 27.2105512], [79.4197251, 27.2286851], [79.4024263, 27.1981859], [79.3855487, 27.1960187], [79.3656163, 27.2219428], [79.3362331, 27.2149611], [79.3369645, 27.2325674], [79.3148872, 27.243476], [79.325446, 27.2750659], [79.2879752, 27.2786895], [79.2900113, 27.304729], [79.2661319, 27.3054849], [79.2513795, 27.3339715], [79.2772342, 27.3505148], [79.2543208, 27.370726], [79.2555867, 27.393414], [79.2237876, 27.4112627], [79.2597115, 27.4284368], [79.2464916, 27.4721092], [79.2732598, 27.5146033], [79.2205472, 27.5364256], [79.2302667, 27.5556568], [79.2157886, 27.5789637], [79.170271, 27.5843878], [79.1812453, 27.6172309], [79.1283821, 27.634791], [79.1353945, 27.6678166], [79.120502, 27.6845479], [79.1361639, 27.7044685], [79.1814335, 27.7153259]]]}}, {"type": "Feature", "properties": {"name": "Mainpuri", "facilities": 49, "lat": 27.2093, "lon": 79.0625}, "geometry": {"type": "Polygon", "coordinates": [[[78.7180585, 27.3443275], [78.7750577, 27.334487], [78.8275761, 27.3551357], [78.8544363, 27.3923143], [78.8378796, 27.4105465], [78.8715431, 27.4374542], [78.8866949, 27.4733665], [78.9394767, 27.4510619], [78.9386756, 27.4316845], [78.9608707, 27.4182569], [78.9985522, 27.4324653], [79.0692769, 27.4176806], [79.1067591, 27.4347895], [79.1151968, 27.406146], [79.1410528, 27.3980784], [79.1408453, 27.3780163], [79.1736276, 27.3767216], [79.2123568, 27.3327682], [79.2587004, 27.3306459], [79.2661319, 27.3054849], [79.2904206, 27.3040615], [79.2879752, 27.2786895], [79.325446, 27.2750659], [79.3148872, 27.243476], [79.3369645, 27.2325674], [79.3362331, 27.2149611], [79.3652071, 27.2220872], [79.3946766, 27.2003341], [79.3893862, 27.1569597], [79.4132126, 27.1384272], [79.3821565, 27.1147091], [79.3940879, 27.1166306], [79.396835, 27.0948853], [79.4364246, 27.0950315], [79.433157, 27.0684062], [79.4010404, 27.0554318], [79.3814243, 26.9879134], [79.3550878, 26.9583317], [79.2713056, 26.9900305], [79.209006, 26.9700703], [79.1780096, 27.0064476], [79.0929933, 26.9994638], [79.0973427, 26.982226], [79.0639924, 26.9884262], [79.0115192, 26.9451393], [78.9912293, 26.9801991], [78.9580583, 26.9882278], [78.9443519, 26.9692453], [78.9237578, 26.9845232], [78.9218133, 26.9625029], [78.8670801, 26.9584069], [78.853086, 26.9723069], [78.8351963, 26.9502606], [78.8147037, 26.9540091], [78.8026284, 26.9677885], [78.8177104, 26.9884507], [78.7940905, 26.9870657], [78.7816929, 27.0027621], [78.7934533, 27.0163058], [78.7732598, 27.029057], [78.7883676, 27.0422402], [78.764276, 27.051803], [78.7763195, 27.0607337], [78.7649031, 27.1058892], [78.7991563, 27.1002602], [78.8068648, 27.1200229], [78.7912762, 27.1386784], [78.8203854, 27.1449262], [78.7254573, 27.1944843], [78.7608624, 27.2250262], [78.7194806, 27.2636591], [78.6883852, 27.2696975], [78.7183968, 27.2839521], [78.7180585, 27.3443275]]]}}, {"type": "Feature", "properties": {"name": "Pilibhit", "facilities": 30, "lat": 28.4947, "lon": 80.1076}, "geometry": {"type": "Polygon", "coordinates": [[[79.6225472, 28.6405641], [79.6272537, 28.68633], [79.6902613, 28.7404561], [79.667599, 28.7659703], [79.6741728, 28.8463755], [79.7065401, 28.8426062], [79.7505712, 28.8718859], [79.8188857, 28.8886765], [79.8513793, 28.8603856], [79.8294067, 28.8539207], [79.8373031, 28.8336966], [79.8076051, 28.8006197], [79.8497485, 28.8017361], [79.8463153, 28.8246735], [79.8648333, 28.8379447], [79.9129199, 28.8192592], [79.9146365, 28.8054215], [79.8734004, 28.8121685], [79.8716223, 28.7972309], [79.9406432, 28.7874447], [79.9239921, 28.7726247], [79.9440756, 28.7640971], [79.9523704, 28.7243243], [80.0301218, 28.748961], [80.0661341, 28.7800432], [80.0645318, 28.8399417], [80.0747654, 28.8244192], [80.1180415, 28.8289048], [80.2159235, 28.7554264], [80.2505879, 28.7577885], [80.2751723, 28.7110371], [80.3207432, 28.6941691], [80.314781, 28.6291817], [80.3433987, 28.6314766], [80.3716903, 28.6020852], [80.3947158, 28.6071254], [80.3908343, 28.588508], [80.4499708, 28.5150798], [80.3902677, 28.469686], [80.3352316, 28.4924316], [80.308178, 28.4633941], [80.3661871, 28.3958908], [80.3784998, 28.343279], [80.3586763, 28.3288079], [80.3177636, 28.3269114], [80.3147574, 28.348248], [80.2908074, 28.3299237], [80.2861753, 28.3559182], [80.2507462, 28.3602672], [80.2683047, 28.3070065], [80.2221755, 28.3011666], [80.2277238, 28.321581], [80.1665389, 28.3285291], [80.1550021, 28.3144801], [80.1491704, 28.3455258], [80.0967053, 28.3329657], [80.0904853, 28.3617707], [80.0637908, 28.3497002], [80.0096039, 28.3806418], [79.9734046, 28.309523], [79.9946809, 28.1961914], [79.9870176, 28.1105174], [79.9670172, 28.1008438], [79.9307383, 28.1252712], [79.9097802, 28.1069537], [79.8949776, 28.1270733], [79.8975035, 28.141567], [79.9153637, 28.1345876], [79.9015795, 28.155269], [79.914692, 28.1672058], [79.8579923, 28.2018232], [79.8552203, 28.2335977], [79.8268031, 28.2338699], [79.8411899, 28.1961024], [79.8237216, 28.1664088], [79.7971914, 28.1583236], [79.760123, 28.1842236], [79.7420013, 28.1784097], [79.730353, 28.1821491], [79.7451551, 28.1999829], [79.7229423, 28.2061008], [79.7514077, 28.2277046], [79.7086977, 28.2521123], [79.7164814, 28.2646374], [79.7401363, 28.2518746], [79.7386934, 28.2773043], [79.6970612, 28.3095664], [79.7333687, 28.3676241], [79.6962725, 28.3855412], [79.7281668, 28.4141575], [79.7561454, 28.4090127], [79.7499931, 28.4550388], [79.7627866, 28.4578148], [79.7699623, 28.4337246], [79.7901698, 28.4388227], [79.7754308, 28.4611956], [79.7826831, 28.5019079], [79.7549921, 28.5124041], [79.7535902, 28.5295728], [79.7288713, 28.523084], [79.7354993, 28.5117488], [79.7082622, 28.5256595], [79.7232107, 28.5546397], [79.6953803, 28.5450812], [79.6869663, 28.5574138], [79.7077935, 28.5843917], [79.6769615, 28.5865713], [79.6734877, 28.6062044], [79.6331719, 28.5987035], [79.623576, 28.6199893], [79.6370151, 28.6337506], [79.6225472, 28.6405641]]]}}, {"type": "Feature", "properties": {"name": "Shahjahanpur", "facilities": 65, "lat": 27.9129, "lon": 79.7476}, "geometry": {"type": "Polygon", "coordinates": [[[79.3519947, 27.6578044], [79.3228867, 27.7255391], [79.3605556, 27.7348518], [79.3462312, 27.7525768], [79.359128, 27.8033064], [79.3788376, 27.8232681], [79.3936956, 27.8184038], [79.4045843, 27.8447536], [79.4169754, 27.83029], [79.4564049, 27.8508141], [79.4840289, 27.8453785], [79.4536537, 27.8870958], [79.4654334, 27.9248387], [79.4892301, 27.9405951], [79.4713767, 27.9658758], [79.4571963, 27.9607359], [79.4721088, 27.9902786], [79.5080802, 28.0000713], [79.5102834, 28.0411019], [79.5317205, 28.0576861], [79.551248, 28.0479178], [79.6013851, 28.0859926], [79.6526765, 28.0766804], [79.6459303, 28.1064962], [79.6585711, 28.1136897], [79.6356619, 28.1441074], [79.6681101, 28.1803671], [79.6581429, 28.1997799], [79.6983855, 28.214968], [79.6893741, 28.2245142], [79.7122913, 28.2395906], [79.7018015, 28.2565248], [79.7514077, 28.2277046], [79.7229423, 28.2061008], [79.7451551, 28.1999829], [79.7307405, 28.1816107], [79.760123, 28.1842236], [79.7971914, 28.1583236], [79.8244564, 28.1669168], [79.840318, 28.1929965], [79.8271296, 28.2342686], [79.8584298, 28.2320601], [79.8579923, 28.2018232], [79.914692, 28.1672058], [79.9015795, 28.155269], [79.9153637, 28.1345876], [79.8970971, 28.1413684], [79.8969124, 28.1150116], [79.9097802, 28.1069537], [79.940507, 28.1234587], [79.9670172, 28.1008438], [79.9856325, 28.1067762], [79.9961705, 28.1558338], [79.9734046, 28.309523], [80.0105391, 28.3812255], [80.0637908, 28.3497002], [80.0904853, 28.3617707], [80.0967053, 28.3329657], [80.1491704, 28.3455258], [80.1550021, 28.3144801], [80.1665389, 28.3285291], [80.2277238, 28.321581], [80.2221755, 28.3011666], [80.2683047, 28.3070065], [80.2507462, 28.3602672], [80.2861753, 28.3559182], [80.2908074, 28.3299237], [80.3147574, 28.348248], [80.3177636, 28.3269114], [80.3581538, 28.3309936], [80.3108396, 28.2778046], [80.2959657, 28.2034032], [80.3120975, 28.1923934], [80.2982865, 28.1630668], [80.253468, 28.1677954], [80.2381454, 28.1443656], [80.2539716, 28.0899891], [80.237785, 28.0596385], [80.2232247, 28.0666121], [80.1246522, 28.0027384], [80.0920123, 27.9346541], [80.0535538, 27.9387231], [80.0326951, 27.9245171], [80.0571032, 27.8500371], [80.033834, 27.8338355], [80.0541444, 27.8193847], [80.056083, 27.7633818], [80.07283, 27.7481205], [80.0284083, 27.7453659], [80.006409, 27.7258967], [79.9606181, 27.7306963], [79.947575, 27.7135581], [79.9067293, 27.7187994], [79.9196684, 27.7034784], [79.8787784, 27.7003629], [79.8831148, 27.6712859], [79.8620934, 27.6483392], [79.8065917, 27.6584618], [79.7528811, 27.722041], [79.7318375, 27.713393], [79.7310047, 27.6746425], [79.6928128, 27.6548764], [79.6843428, 27.6261768], [79.71717, 27.5843368], [79.7049099, 27.5502917], [79.7321955, 27.5362476], [79.7394588, 27.5077705], [79.7126551, 27.4713064], [79.7457189, 27.4489067], [79.716266, 27.450865], [79.7095833, 27.4798444], [79.694826, 27.4691918], [79.702805, 27.4962879], [79.6539673, 27.5048837], [79.6577209, 27.542633], [79.6701913, 27.5467076], [79.6518133, 27.5663249], [79.6589935, 27.5775384], [79.6386078, 27.5764326], [79.6608124, 27.6133246], [79.6483739, 27.6133626], [79.6459865, 27.6368938], [79.5913778, 27.6196834], [79.6117039, 27.5921996], [79.5336971, 27.5920949], [79.5192794, 27.6043542], [79.4938387, 27.5887952], [79.474566, 27.599078], [79.4825945, 27.6119745], [79.4646279, 27.6338254], [79.4383335, 27.642505], [79.4249619, 27.6271627], [79.3519947, 27.6578044]]]}}, {"type": "Feature", "properties": {"name": "Bahraich", "facilities": 53, "lat": 27.7344, "lon": 81.4765}, "geometry": {"type": "Polygon", "coordinates": [[[81.0483975, 28.4092009], [81.0813668, 28.3843444], [81.2133428, 28.3582595], [81.234511, 28.3246346], [81.2326763, 28.2891834], [81.320562, 28.1972387], [81.3219754, 28.1696149], [81.3011744, 28.1655696], [81.3280473, 28.1482384], [81.3179327, 28.1335715], [81.3712226, 28.1423975], [81.3747155, 28.1772053], [81.4267287, 28.1706316], [81.4838055, 28.1183729], [81.4783173, 28.0825307], [81.624785, 28.0013357], [81.6984631, 27.9882002], [81.7427347, 27.9536411], [81.7178429, 27.9359565], [81.7049983, 27.9108312], [81.7181901, 27.8979683], [81.6896712, 27.8909604], [81.6885773, 27.8692807], [81.6370377, 27.882592], [81.607861, 27.8570963], [81.6081412, 27.8392211], [81.6572037, 27.814729], [81.6447328, 27.7754196], [81.6724531, 27.7542466], [81.6665068, 27.7378562], [81.6958404, 27.7265924], [81.7020547, 27.7006098], [81.6797293, 27.6886388], [81.6821214, 27.6503679], [81.6570641, 27.6403825], [81.704573, 27.6307555], [81.6818882, 27.5718484], [81.7103673, 27.5528764], [81.7309464, 27.5699746], [81.7660363, 27.5637611], [81.7762427, 27.5249776], [81.7531707, 27.509728], [81.763424, 27.4984498], [81.7953554, 27.5232573], [81.8358949, 27.5112361], [81.867132, 27.5418115], [81.8713395, 27.5152034], [81.9028933, 27.5129085], [81.9128297, 27.4937473], [81.9583467, 27.4966364], [81.9903584, 27.4749239], [81.9800296, 27.4333683], [81.9432553, 27.4347357], [81.9278167, 27.4153082], [81.9391159, 27.3861678], [81.9063081, 27.3637529], [81.9222367, 27.3127414], [81.8534258, 27.326817], [81.8378347, 27.2814287], [81.8142284, 27.2658437], [81.7451564, 27.3258184], [81.6832881, 27.316005], [81.7078461, 27.2769023], [81.665037, 27.2333829], [81.6664736, 27.2002796], [81.6415469, 27.1877042], [81.6413206, 27.1577688], [81.6291877, 27.1415792], [81.6057732, 27.1457564], [81.5859043, 27.1175494], [81.567391, 27.129492], [81.5393361, 27.0948085], [81.5426111, 27.0771216], [81.5172711, 27.0864543], [81.5049135, 27.059049], [81.4787105, 27.0755158], [81.4762949, 27.108102], [81.4440233, 27.1406833], [81.4368114, 27.1790828], [81.4581727, 27.1904249], [81.4353355, 27.2213149], [81.4373182, 27.3166252], [81.4125889, 27.3341901], [81.4086327, 27.3716942], [81.350736, 27.4267282], [81.3188704, 27.5002048], [81.3226815, 27.5295328], [81.3023235, 27.5382095], [81.3068457, 27.5595905], [81.2842912, 27.564938], [81.2615174, 27.6041317], [81.2710127, 27.6323173], [81.3015167, 27.6319534], [81.2777961, 27.6784268], [81.2921011, 27.7022329], [81.2716795, 27.7501843], [81.294445, 27.7866617], [81.2757235, 27.8143372], [81.2944695, 27.8367083], [81.2781442, 27.885231], [81.3054626, 27.9077945], [81.1956198, 28.0083111], [81.1695741, 28.0594655], [81.1971932, 28.1020099], [81.1827359, 28.1345], [81.1385885, 28.155304], [81.1084802, 28.2136141], [81.0620658, 28.2305681], [81.0734477, 28.2726089], [81.0405851, 28.2841515], [81.0687606, 28.3420167], [81.0393033, 28.3738814], [81.0483975, 28.4092009]]]}}, {"type": "Feature", "properties": {"name": "Balrampur", "facilities": 27, "lat": 27.4477, "lon": 82.3956}, "geometry": {"type": "Polygon", "coordinates": [[[82.0296232, 27.5931309], [82.0853359, 27.6344162], [82.0920652, 27.6688055], [82.1334678, 27.707541], [82.1243806, 27.7350297], [82.1627839, 27.790628], [82.1975818, 27.8038524], [82.2069789, 27.8438995], [82.4488049, 27.6794928], [82.7077717, 27.7229288], [82.7123703, 27.6629677], [82.7316735, 27.6538482], [82.7350215, 27.6110081], [82.7561236, 27.5908628], [82.7381886, 27.5518318], [82.7496849, 27.5225175], [82.7161756, 27.4610676], [82.7457147, 27.4455005], [82.7646824, 27.4119868], [82.7325421, 27.4168225], [82.7156562, 27.4010326], [82.7024551, 27.4215351], [82.706667, 27.4074094], [82.6936438, 27.4171177], [82.698441, 27.4073643], [82.6635842, 27.4036241], [82.6649838, 27.4156263], [82.6594628, 27.4007147], [82.6285225, 27.4013777], [82.6145167, 27.4180456], [82.5983236, 27.4077915], [82.5778105, 27.4222975], [82.5425702, 27.3690182], [82.4922415, 27.3588056], [82.4719831, 27.3203086], [82.509891, 27.3192605], [82.4838087, 27.3002196], [82.5147567, 27.3032051], [82.4897539, 27.2789488], [82.5121122, 27.2760117], [82.5036401, 27.2558028], [82.5247376, 27.2529813], [82.4968813, 27.2365757], [82.5209613, 27.2310862], [82.5120513, 27.2113872], [82.5529348, 27.2154348], [82.5439046, 27.202529], [82.566866, 27.1848428], [82.5167652, 27.1749534], [82.4784618, 27.202258], [82.4449748, 27.1818555], [82.4391846, 27.164659], [82.4663567, 27.1291825], [82.4513088, 27.1237919], [82.4353691, 27.1404529], [82.4381588, 27.1091166], [82.4213828, 27.0850147], [82.3995273, 27.0930057], [82.404227, 27.0742164], [82.3819316, 27.0739376], [82.365813, 27.0517193], [82.3428913, 27.0704382], [82.3248979, 27.0660467], [82.3172971, 27.1046976], [82.2747323, 27.1138609], [82.227873, 27.1690524], [82.2457545, 27.2221535], [82.2719531, 27.235193], [82.3013735, 27.2122933], [82.2967918, 27.2468285], [82.2573622, 27.2613163], [82.1904055, 27.3197212], [82.1466696, 27.3333156], [82.140025, 27.3614887], [82.1118166, 27.3768562], [82.1173487, 27.404248], [82.0727496, 27.4003628], [82.0827259, 27.4190542], [82.0519588, 27.4462837], [82.0588842, 27.493043], [82.0402356, 27.5418634], [82.055421, 27.5543554], [82.0321511, 27.5508042], [82.0296232, 27.5931309]]]}}, {"type": "Feature", "properties": {"name": "Lakhimpur Kheri", "facilities": 66, "lat": 28.1834, "lon": 80.7131}, "geometry": {"type": "Polygon", "coordinates": [[[80.0303036, 27.9011247], [80.0535538, 27.9387231], [80.0944198, 27.9362733], [80.0937552, 27.9593093], [80.160154, 28.0306927], [80.1768106, 28.0255457], [80.2232247, 28.0666121], [80.237785, 28.0596385], [80.2539716, 28.0899891], [80.2392539, 28.1159784], [80.2461235, 28.1600086], [80.2974978, 28.1622706], [80.309631, 28.1850676], [80.2959657, 28.2034032], [80.3108396, 28.2778046], [80.3784998, 28.343279], [80.3556507, 28.4190565], [80.308178, 28.4633941], [80.3352316, 28.4924316], [80.3902677, 28.469686], [80.4499708, 28.5150798], [80.3908343, 28.588508], [80.3947158, 28.6071254], [80.3716903, 28.6020852], [80.3433987, 28.6314766], [80.314781, 28.6291817], [80.3255784, 28.6663888], [80.3714004, 28.6290807], [80.4150391, 28.6394494], [80.4515031, 28.6290034], [80.4695805, 28.5839184], [80.5184017, 28.5507014], [80.5307159, 28.572464], [80.5035898, 28.6648644], [80.5530822, 28.6916125], [80.59032, 28.6797325], [80.5801427, 28.6609981], [80.5975941, 28.6560903], [80.5901967, 28.6477521], [80.6676122, 28.6417542], [80.6775386, 28.6045227], [80.6956555, 28.6033549], [80.6901343, 28.5871642], [80.7146672, 28.5683948], [80.7682195, 28.5656789], [80.7877981, 28.5250243], [80.8650411, 28.490198], [80.861695, 28.5045043], [80.8961435, 28.5069615], [80.9086471, 28.4976211], [80.9055609, 28.466139], [80.9440189, 28.4682007], [80.9336142, 28.4586105], [80.9546318, 28.4474951], [80.9796074, 28.4555414], [80.9668704, 28.4368635], [80.9998991, 28.453914], [81.017859, 28.4518934], [81.019184, 28.4317972], [81.0309764, 28.4369213], [81.0176296, 28.4160792], [81.0336375, 28.3990962], [81.0358242, 28.4137158], [81.0483477, 28.4092996], [81.0393033, 28.3738814], [81.0684346, 28.3445464], [81.0405087, 28.2856484], [81.0734477, 28.2726089], [81.0620658, 28.2305681], [81.1084802, 28.2136141], [81.1385885, 28.155304], [81.1827359, 28.1345], [81.1971932, 28.1020099], [81.1695741, 28.0594655], [81.1956198, 28.0083111], [81.3054626, 27.9077945], [81.2780125, 27.8838702], [81.2944695, 27.8367083], [81.2757235, 27.8143372], [81.294445, 27.7866617], [81.2717117, 27.7398088], [81.2921583, 27.7015109], [81.2736432, 27.6756039], [81.250498, 27.6788902], [81.272382, 27.6983107], [81.2655487, 27.7133846], [81.2435026, 27.7290165], [81.2168527, 27.7148702], [81.1860158, 27.7290833], [81.1949811, 27.7534413], [81.2276866, 27.7607112], [81.1795098, 27.7843835], [81.1505386, 27.7804437], [81.1410716, 27.8057307], [81.1111402, 27.7885168], [81.0828559, 27.8214657], [81.0603269, 27.8111205], [80.9899306, 27.8243211], [80.9857303, 27.8419901], [81.0101877, 27.8776765], [80.970248, 27.9062936], [80.9287705, 27.8450593], [80.9064988, 27.8341832], [80.8945235, 27.8516488], [80.8465994, 27.8255342], [80.8258002, 27.7908383], [80.78879, 27.8181227], [80.7481153, 27.8122872], [80.7439513, 27.795726], [80.6689045, 27.8305654], [80.6542049, 27.8169996], [80.6418219, 27.8391976], [80.6051062, 27.7507032], [80.5638519, 27.7522674], [80.5173236, 27.8103779], [80.4640031, 27.7573824], [80.4450431, 27.771593], [80.4501488, 27.7491658], [80.4138643, 27.7441889], [80.3780435, 27.7069033], [80.305302, 27.6798391], [80.2783942, 27.7101171], [80.2842488, 27.7307041], [80.2531172, 27.7576119], [80.2403183, 27.749923], [80.2394287, 27.7655975], [80.2240448, 27.7622229], [80.232121, 27.7714991], [80.2013321, 27.7756056], [80.1925525, 27.7602787], [80.1577278, 27.7710138], [80.1339033, 27.7500511], [80.1362064, 27.7777368], [80.0900915, 27.7844573], [80.080068, 27.7747699], [80.076764, 27.7758601], [80.0668457, 27.7711517], [80.0580287, 27.7706666], [80.0541444, 27.8193847], [80.033834, 27.8338355], [80.0571032, 27.8500371], [80.0303036, 27.9011247]]]}}, {"type": "Feature", "properties": {"name": "Sharavasti", "facilities": 20, "lat": 27.6786, "lon": 81.8929}, "geometry": {"type": "Polygon", "coordinates": [[[81.6796794, 27.6884082], [81.7014581, 27.6973383], [81.6958404, 27.7265924], [81.6665068, 27.7378562], [81.6724531, 27.7542466], [81.6447328, 27.7754196], [81.6572037, 27.814729], [81.6081412, 27.8392211], [81.607861, 27.8570963], [81.6370377, 27.882592], [81.6885773, 27.8692807], [81.6896712, 27.8909604], [81.7181901, 27.8979683], [81.7049983, 27.9108312], [81.7178429, 27.9359565], [81.7427347, 27.9536411], [81.8849591, 27.8569699], [81.9250245, 27.859392], [81.9616804, 27.9234519], [81.9912631, 27.9292144], [82.0700183, 27.9237103], [82.121095, 27.8658719], [82.2069789, 27.8438995], [82.1975818, 27.8038524], [82.1627839, 27.790628], [82.1243806, 27.7350297], [82.1334678, 27.707541], [82.0920652, 27.6688055], [82.0853359, 27.6344162], [82.0226131, 27.5838039], [82.0321511, 27.5508042], [82.055421, 27.5543554], [82.0402356, 27.5418634], [82.0588842, 27.493043], [82.0517408, 27.4472582], [82.0827259, 27.4190542], [82.0737234, 27.4044147], [82.0390094, 27.4182263], [82.0010316, 27.4084972], [81.9786463, 27.4363779], [81.9899648, 27.4754645], [81.9583467, 27.4966364], [81.9128297, 27.4937473], [81.9028933, 27.5129085], [81.8713395, 27.5152034], [81.867132, 27.5418115], [81.8358949, 27.5112361], [81.7953554, 27.5232573], [81.763424, 27.4984498], [81.7531707, 27.509728], [81.7762427, 27.5249776], [81.7660363, 27.5637611], [81.7309464, 27.5699746], [81.7103673, 27.5528764], [81.6818882, 27.5718484], [81.7071352, 27.620376], [81.684206, 27.6405878], [81.6570517, 27.6394402], [81.6821214, 27.6503679], [81.6796794, 27.6884082]]]}}, {"type": "Feature", "properties": {"name": "Siddharthnagar", "facilities": 48, "lat": 27.2512, "lon": 82.8717}, "geometry": {"type": "Polygon", "coordinates": [[[82.4554416, 27.1507079], [82.43842, 27.1720848], [82.478174, 27.202195], [82.5167652, 27.1749534], [82.566866, 27.1848428], [82.5439046, 27.202529], [82.5529348, 27.2154348], [82.5120513, 27.2113872], [82.5209613, 27.2310862], [82.4968813, 27.2365757], [82.5247376, 27.2529813], [82.5036401, 27.2558028], [82.5121122, 27.2760117], [82.4897539, 27.2789488], [82.5147567, 27.3032051], [82.4838087, 27.3002196], [82.509891, 27.3192605], [82.4719831, 27.3203086], [82.4908705, 27.3574169], [82.5425702, 27.3690182], [82.5778105, 27.4222975], [82.5983236, 27.4077915], [82.6145167, 27.4180456], [82.6285225, 27.4013777], [82.6594628, 27.4007147], [82.6649838, 27.4156263], [82.6635842, 27.4036241], [82.698441, 27.4073643], [82.6936438, 27.4171177], [82.706667, 27.4074094], [82.7024551, 27.4215351], [82.7156562, 27.4010326], [82.7325421, 27.4168225], [82.756437, 27.4062539], [82.7544197, 27.4340567], [82.7161756, 27.4610676], [82.735473, 27.5024418], [82.9293481, 27.5012379], [82.9541429, 27.4677793], [83.0346267, 27.4487825], [83.1878974, 27.4543758], [83.2722019, 27.3834518], [83.2653135, 27.3654862], [83.2927098, 27.3359986], [83.2439274, 27.2999392], [83.2511771, 27.2847787], [83.2134415, 27.2643459], [83.2211978, 27.2456768], [83.2023693, 27.2267293], [83.1656906, 27.2247625], [83.1761574, 27.1602548], [83.1564355, 27.1518725], [83.1686582, 27.1486753], [83.1585143, 27.1435429], [83.1507237, 27.1671065], [83.1204123, 27.1606943], [83.1475875, 27.114171], [83.1197766, 27.114494], [83.120278, 27.0975308], [83.0507271, 27.0967606], [83.0565825, 27.0851826], [83.0212699, 27.0658724], [83.0346331, 27.0394833], [82.9857468, 27.0339641], [82.9698508, 27.0486954], [82.9628346, 27.0281636], [82.9107108, 27.0208716], [82.9035658, 26.9998223], [82.8645816, 27.0380413], [82.8293194, 27.0190907], [82.7937021, 27.0479997], [82.7905129, 27.0803523], [82.763414, 27.1120108], [82.7222906, 27.1000192], [82.6587277, 27.124231], [82.6361881, 27.1047859], [82.5845252, 27.1049248], [82.5616786, 27.0793976], [82.5406499, 27.1149681], [82.5047691, 27.1214533], [82.4897988, 27.1649316], [82.4554416, 27.1507079]]]}}, {"type": "Feature", "properties": {"name": "Kushinagar", "facilities": 55, "lat": 26.9243, "lon": 83.8324}, "geometry": {"type": "Polygon", "coordinates": [[[83.5244069, 26.8526509], [83.5705787, 26.9339131], [83.6063687, 26.9116123], [83.6265538, 26.930079], [83.6244542, 26.9557419], [83.6787288, 26.9469548], [83.6820813, 26.9651075], [83.7235811, 26.9511906], [83.7329381, 26.9894951], [83.7630991, 26.9977086], [83.744517, 27.0141077], [83.7555838, 27.0352225], [83.7368836, 27.036854], [83.7298862, 27.0553019], [83.7681643, 27.0534225], [83.7678425, 27.0738322], [83.7458404, 27.0770987], [83.8010885, 27.1099714], [83.8251578, 27.1744467], [83.7823396, 27.1660137], [83.8126792, 27.186025], [83.7975983, 27.213322], [83.8212355, 27.1999042], [83.8328479, 27.2120872], [83.7949011, 27.2442212], [83.8494811, 27.2533093], [83.837329, 27.2794069], [83.8734237, 27.2972451], [83.9071425, 27.2757758], [83.9114499, 27.2465032], [83.9590215, 27.2333394], [83.9872813, 27.1967396], [83.9943838, 27.1746557], [83.9586568, 27.1367573], [83.9464688, 27.0915106], [84.0306687, 27.0975853], [83.9999842, 27.0685843], [84.0494871, 27.0436466], [84.0375781, 27.0091832], [84.0567398, 26.9887067], [84.0457176, 26.981725], [84.0548515, 26.9596393], [84.0324232, 26.9396933], [84.0554523, 26.9282686], [84.0604949, 26.8876077], [84.0981102, 26.8761434], [84.1114568, 26.8993769], [84.1444158, 26.8859427], [84.1419911, 26.8500527], [84.1649483, 26.8341865], [84.1822457, 26.8335873], [84.1902923, 26.8583993], [84.2197843, 26.8716634], [84.2542791, 26.8565042], [84.2596864, 26.8015113], [84.2328643, 26.7536198], [84.2400956, 26.738597], [84.2549228, 26.7264468], [84.3062495, 26.7491362], [84.3326563, 26.683516], [84.4108772, 26.6702405], [84.4199963, 26.6262727], [84.3074528, 26.6163357], [84.2720968, 26.599464], [84.1603374, 26.6244422], [84.159308, 26.6359511], [84.0868641, 26.6391981], [84.0893447, 26.6034452], [84.051871, 26.5513237], [83.9629983, 26.628629], [83.9573173, 26.6748294], [83.9058387, 26.6908294], [83.8876267, 26.7342624], [83.8399659, 26.7591765], [83.8317609, 26.7444911], [83.8091298, 26.7503232], [83.7902903, 26.7091651], [83.7030546, 26.6830139], [83.6800508, 26.7020457], [83.6545111, 26.6602926], [83.6308298, 26.6612296], [83.6100259, 26.7394162], [83.6220628, 26.754601], [83.5865472, 26.760354], [83.5956534, 26.7899908], [83.5848866, 26.8076327], [83.5244069, 26.8526509]]]}}, {"type": "Feature", "properties": {"name": "Mahrajganj", "facilities": 52, "lat": 27.1837, "lon": 83.4917}, "geometry": {"type": "Polygon", "coordinates": [[[83.1539166, 27.0965798], [83.1204123, 27.1606943], [83.1436006, 27.1682217], [83.1585143, 27.1435429], [83.1740703, 27.1553499], [83.1656906, 27.2247625], [83.2023693, 27.2267293], [83.2211978, 27.2456768], [83.2134415, 27.2643459], [83.2511771, 27.2847787], [83.2435986, 27.2993755], [83.2688506, 27.3112882], [83.2683622, 27.3255422], [83.3425722, 27.3346482], [83.3878345, 27.3755694], [83.3845529, 27.3903104], [83.4096063, 27.4129201], [83.3840406, 27.4366814], [83.4017808, 27.4570352], [83.3889139, 27.4797631], [83.6145262, 27.4692222], [83.8323122, 27.3686619], [83.8568879, 27.349321], [83.8370732, 27.3206911], [83.8587928, 27.3070366], [83.9155483, 27.3253579], [83.93471, 27.3039096], [83.9071425, 27.2757758], [83.8734237, 27.2972451], [83.8473814, 27.2890882], [83.8368739, 27.2763361], [83.8494811, 27.2533093], [83.7949011, 27.2442212], [83.8328479, 27.2120872], [83.8212355, 27.1999042], [83.7988085, 27.2149787], [83.8126792, 27.186025], [83.7823396, 27.1660137], [83.8251578, 27.1744467], [83.8010885, 27.1099714], [83.7458404, 27.0770987], [83.7678425, 27.0738322], [83.7681643, 27.0534225], [83.7299266, 27.0554147], [83.7368836, 27.036854], [83.7555838, 27.0352225], [83.7455727, 27.0119368], [83.7652204, 27.0023929], [83.7329381, 26.9894951], [83.7280148, 26.9540168], [83.6820813, 26.9651075], [83.6787288, 26.9469548], [83.6244542, 26.9557419], [83.6265538, 26.930079], [83.6063687, 26.9116123], [83.5863021, 26.9333362], [83.5595438, 26.9235882], [83.5534091, 26.8886668], [83.495169, 26.8983683], [83.4709029, 26.9261708], [83.4768297, 26.9390139], [83.4309554, 26.9456775], [83.4378855, 26.9581247], [83.3338695, 26.9539991], [83.3221962, 26.9884033], [83.3513027, 27.0005079], [83.3533583, 27.025494], [83.367356, 27.0235777], [83.3621786, 27.0474349], [83.4074566, 27.0881344], [83.3607253, 27.1001766], [83.336419, 27.0816303], [83.3133321, 27.0873168], [83.2939899, 27.061063], [83.2979921, 27.0414939], [83.2697921, 27.0300094], [83.270584, 27.0780634], [83.236752, 27.0625544], [83.222658, 27.0905029], [83.1743161, 27.0943916], [83.1653737, 27.1080635], [83.1539166, 27.0965798]]]}}, {"type": "Feature", "properties": {"name": "Hardoi", "facilities": 58, "lat": 27.337, "lon": 80.0998}, "geometry": {"type": "Polygon", "coordinates": [[[79.6938731, 27.2505815], [79.7318114, 27.2823314], [79.7128629, 27.3469435], [79.6867798, 27.3693465], [79.6901896, 27.3880948], [79.7258292, 27.4158343], [79.7174732, 27.4343127], [79.7472932, 27.4524164], [79.7126551, 27.4713064], [79.7394588, 27.5077705], [79.7321955, 27.5362476], [79.7049099, 27.5502917], [79.71717, 27.5843368], [79.7044938, 27.5860151], [79.685209, 27.6384825], [79.7309359, 27.6745317], [79.7384609, 27.722688], [79.7670032, 27.7116245], [79.8065917, 27.6584618], [79.8620934, 27.6483392], [79.8831148, 27.6712859], [79.8787784, 27.7003629], [79.9196684, 27.7034784], [79.9067335, 27.7188013], [79.947575, 27.7135581], [79.9659565, 27.732102], [80.006409, 27.7258967], [80.0284083, 27.7453659], [80.0534931, 27.7406161], [80.07283, 27.7481205], [80.0596305, 27.7701138], [80.0900915, 27.7844573], [80.1365, 27.7776003], [80.1339033, 27.7500511], [80.1577278, 27.7710138], [80.1925525, 27.7602787], [80.2035295, 27.7758187], [80.232121, 27.7714991], [80.2240448, 27.7622229], [80.2394287, 27.7655975], [80.2403183, 27.749923], [80.2531172, 27.7576119], [80.2842488, 27.7307041], [80.2783942, 27.7101171], [80.3112669, 27.6819654], [80.2986269, 27.6316578], [80.3057588, 27.6057399], [80.3242345, 27.6006896], [80.3050213, 27.5821732], [80.3250649, 27.5229829], [80.3565427, 27.4800108], [80.4026708, 27.4632053], [80.4099776, 27.4348547], [80.4306056, 27.4229719], [80.4233309, 27.4138001], [80.4512431, 27.4014889], [80.4542418, 27.3706308], [80.4679481, 27.3671525], [80.4555248, 27.3391471], [80.4825698, 27.3450791], [80.5017431, 27.3245912], [80.5172092, 27.2685676], [80.4950357, 27.2560495], [80.5577017, 27.2691841], [80.571829, 27.2929135], [80.5692454, 27.2786922], [80.6008018, 27.2628359], [80.6165602, 27.2716098], [80.6275733, 27.2529424], [80.6497898, 27.2588921], [80.6416536, 27.2457369], [80.6568588, 27.2261131], [80.6926868, 27.2154752], [80.7173434, 27.2350268], [80.747584, 27.2280231], [80.7664328, 27.2018973], [80.7973546, 27.1997697], [80.8217301, 27.1587278], [80.8064076, 27.1092857], [80.821691, 27.1157388], [80.826911, 27.0999867], [80.7922591, 27.1109132], [80.7656349, 27.0898715], [80.7395775, 27.1022101], [80.7007351, 27.0623102], [80.6467295, 27.0782906], [80.6569044, 27.0628458], [80.5826241, 27.0373383], [80.5454977, 27.000319], [80.4537129, 26.9743524], [80.4468836, 26.9494151], [80.4277933, 26.9431995], [80.4317708, 26.9157437], [80.4136983, 26.889734], [80.3901192, 26.9321481], [80.362962, 26.9213392], [80.3311798, 26.991432], [80.2975368, 26.9967231], [80.3072907, 27.026014], [80.2844758, 27.029437], [80.2522721, 27.0286268], [80.2309397, 26.973248], [80.1785762, 26.9573201], [80.1858955, 26.9980511], [80.1530121, 26.9783636], [80.113692, 26.9960066], [80.1073042, 26.9612182], [80.0870174, 26.9618346], [80.0439854, 26.924845], [79.9878823, 27.0107816], [79.9984423, 27.0563667], [79.9416203, 27.085985], [79.95202, 27.1137806], [79.930762, 27.1433213], [79.9103662, 27.1345903], [79.8533267, 27.1506317], [79.859464, 27.1615793], [79.8360639, 27.1722778], [79.8045615, 27.1712726], [79.6961833, 27.2296883], [79.6938731, 27.2505815]]]}}, {"type": "Feature", "properties": {"name": "Lucknow", "facilities": 49, "lat": 26.8312, "lon": 80.9174}, "geometry": {"type": "Polygon", "coordinates": [[[80.560386, 27.0105206], [80.5826241, 27.0373383], [80.6569044, 27.0628458], [80.6467295, 27.0782906], [80.7007351, 27.0623102], [80.7395775, 27.1022101], [80.7656349, 27.0898715], [80.7922591, 27.1109132], [80.8296155, 27.0996279], [80.8646229, 27.1259954], [80.8947714, 27.1270865], [80.9225879, 27.1582337], [80.9532675, 27.1408065], [81.0125422, 27.1405519], [81.0157288, 27.1053844], [81.0490853, 27.0877763], [80.9750368, 27.0611435], [80.9778888, 27.0380736], [81.0018156, 27.0378348], [80.9964078, 27.0002306], [81.0283269, 26.9852366], [81.0348307, 26.964921], [81.0636146, 26.9682939], [81.041114, 26.9400427], [81.0724094, 26.9107307], [81.0953718, 26.9141579], [81.0898139, 26.8360256], [81.1298197, 26.8336473], [81.1409737, 26.8125724], [81.1687133, 26.8079682], [81.1595155, 26.7752856], [81.1740815, 26.7893338], [81.2137699, 26.7836602], [81.1891055, 26.76176], [81.2167295, 26.7058067], [81.166537, 26.6439607], [81.1823085, 26.6194691], [81.1629285, 26.5894475], [81.1410334, 26.5881294], [81.1205405, 26.5570776], [81.0992526, 26.5627435], [81.0457881, 26.5037863], [80.9341421, 26.5687456], [80.9243165, 26.5941202], [80.8885736, 26.5991463], [80.892019, 26.6217233], [80.8745012, 26.6164263], [80.8800245, 26.6307316], [80.8415564, 26.6654759], [80.7933571, 26.6451985], [80.7560496, 26.6884312], [80.7233507, 26.6588358], [80.6952566, 26.6864568], [80.7187598, 26.7015338], [80.6975681, 26.7193623], [80.7049545, 26.740216], [80.6911932, 26.7575958], [80.7335881, 26.7561617], [80.7402327, 26.7903444], [80.6782276, 26.8632014], [80.6270022, 26.8785678], [80.6406478, 26.9033455], [80.620887, 26.9095556], [80.6079403, 26.944157], [80.5804665, 26.9249545], [80.5612742, 26.9370543], [80.5793595, 26.9608425], [80.5954303, 26.9554227], [80.6003338, 26.9834511], [80.560386, 27.0105206]]]}}, {"type": "Feature", "properties": {"name": "Sitapur", "facilities": 67, "lat": 27.5027, "lon": 80.8335}, "geometry": {"type": "Polygon", "coordinates": [[[80.3057588, 27.6057399], [80.3190922, 27.6877619], [80.3780435, 27.7069033], [80.4138643, 27.7441889], [80.4501488, 27.7491658], [80.4450431, 27.771593], [80.4640031, 27.7573824], [80.5173236, 27.8103779], [80.572855, 27.7496641], [80.6051062, 27.7507032], [80.6418219, 27.8391976], [80.6542049, 27.8169996], [80.6689045, 27.8305654], [80.7439513, 27.795726], [80.7481153, 27.8122872], [80.78879, 27.8181227], [80.8258002, 27.7908383], [80.8465994, 27.8255342], [80.8945235, 27.8516488], [80.9064988, 27.8341832], [80.9287705, 27.8450593], [80.9370183, 27.8734479], [80.9749501, 27.9058445], [80.9758376, 27.8917418], [81.0101877, 27.8776765], [80.9959374, 27.868748], [80.9894403, 27.824642], [81.0603269, 27.8111205], [81.0828559, 27.8214657], [81.1111402, 27.7885168], [81.1410716, 27.8057307], [81.1505386, 27.7804437], [81.1795098, 27.7843835], [81.228589, 27.759211], [81.1949811, 27.7534413], [81.1862853, 27.7288283], [81.2168527, 27.7148702], [81.2435026, 27.7290165], [81.2661594, 27.7126757], [81.272382, 27.6983107], [81.2492363, 27.6812319], [81.2783731, 27.6851021], [81.3015668, 27.6327431], [81.2710127, 27.6323173], [81.2657693, 27.5914741], [81.3068457, 27.5595905], [81.3313793, 27.4617743], [81.4110014, 27.3685845], [81.4125882, 27.3341916], [81.3953033, 27.3407837], [81.3768974, 27.2674105], [81.3421856, 27.2538524], [81.3148708, 27.2785812], [81.3155597, 27.320482], [81.2918321, 27.3593078], [81.2806166, 27.3323385], [81.2580491, 27.3347096], [81.2482727, 27.3139765], [81.2283403, 27.3238329], [81.2419787, 27.2704611], [81.2252768, 27.272415], [81.2071794, 27.2371973], [81.1734814, 27.2669471], [81.1485817, 27.2579239], [81.112815, 27.2745538], [81.0667175, 27.2191234], [80.9692944, 27.2402634], [80.965641, 27.2170948], [80.9372121, 27.1943723], [80.927052, 27.2009826], [80.9302458, 27.1585242], [80.8280483, 27.0994183], [80.821691, 27.1157388], [80.8064076, 27.1092857], [80.8217301, 27.1587278], [80.7973546, 27.1997697], [80.7664328, 27.2018973], [80.747584, 27.2280231], [80.7173434, 27.2350268], [80.6926868, 27.2154752], [80.6568588, 27.2261131], [80.6416536, 27.2457369], [80.6497898, 27.2588921], [80.6275733, 27.2529424], [80.6165602, 27.2716098], [80.6008018, 27.2628359], [80.5692454, 27.2786922], [80.571829, 27.2929135], [80.5577017, 27.2691841], [80.4956646, 27.2553991], [80.5172092, 27.2685676], [80.5017431, 27.3245912], [80.4825698, 27.3450791], [80.4555248, 27.3391471], [80.4679481, 27.3671525], [80.4542418, 27.3706308], [80.4512431, 27.4014889], [80.4233309, 27.4138001], [80.4306056, 27.4229719], [80.4099776, 27.4348547], [80.4026708, 27.4632053], [80.3565427, 27.4800108], [80.3254628, 27.5223762], [80.3050213, 27.5821732], [80.3242345, 27.6006896], [80.3057588, 27.6057399]]]}}, {"type": "Feature", "properties": {"name": "Kanpur Nagar", "facilities": 51, "lat": 26.441, "lon": 80.2653}, "geometry": {"type": "Polygon", "coordinates": [[[79.897184, 26.8168293], [79.8936009, 26.8490736], [79.9427191, 26.8452696], [79.9621061, 26.8586216], [79.9384706, 26.876426], [79.944669, 26.9453307], [79.9604158, 26.9528027], [79.9838127, 26.9299177], [79.9933956, 26.9386864], [79.9787626, 26.9492111], [79.993232, 26.9633769], [80.0290494, 26.9585945], [80.0239868, 26.944815], [80.0608145, 26.9077517], [80.1423005, 26.8592994], [80.1168901, 26.7766289], [80.1341612, 26.7402805], [80.1640637, 26.7147645], [80.2460168, 26.6878718], [80.3055209, 26.5458166], [80.3748848, 26.5075779], [80.3694717, 26.4735128], [80.3894664, 26.4503387], [80.516872, 26.3583605], [80.5914346, 26.2312317], [80.5440124, 26.2232247], [80.5166405, 26.1875538], [80.4940473, 26.1958057], [80.4755044, 26.1738369], [80.4475257, 26.1818688], [80.4289507, 26.153377], [80.4037496, 26.1622569], [80.3252233, 26.1152609], [80.3126836, 26.072165], [80.2541741, 26.0452115], [80.2454436, 25.9887182], [80.2165083, 25.9732592], [80.2369424, 25.9234876], [80.2264595, 25.9185069], [80.0841443, 25.9980413], [80.1091289, 26.0520794], [80.092821, 26.0644934], [79.9578094, 26.0781396], [79.9627865, 26.1539186], [80.020402, 26.1808229], [80.0013951, 26.1934474], [80.0081626, 26.2609257], [80.0937412, 26.2903221], [80.1233402, 26.2667599], [80.1417436, 26.2811034], [80.1253495, 26.3209221], [80.1638653, 26.3041439], [80.1626646, 26.3228415], [80.1850815, 26.335276], [80.1744331, 26.3461924], [80.1897436, 26.3431536], [80.1686856, 26.3537804], [80.1504057, 26.3480218], [80.1508555, 26.3662945], [80.1365274, 26.3656826], [80.1537398, 26.3813942], [80.1349216, 26.3943262], [80.1510044, 26.4052545], [80.1363054, 26.4018762], [80.1195895, 26.4652192], [80.1305659, 26.4791775], [80.1549553, 26.4716832], [80.138802, 26.4967861], [80.1748934, 26.5038295], [80.1618012, 26.5200038], [80.1775224, 26.5281657], [80.1428752, 26.5319185], [80.1597171, 26.5530165], [80.1316221, 26.5491548], [80.1330006, 26.570347], [80.0947449, 26.5834754], [80.0914695, 26.6004202], [80.0699633, 26.5901632], [80.0523085, 26.6084755], [80.0214615, 26.6094122], [80.0146796, 26.6434745], [79.9812231, 26.6632411], [80.0045347, 26.6771906], [80.0035121, 26.6978729], [79.9780583, 26.703637], [79.9629429, 26.7429718], [79.9353627, 26.7616496], [79.951112, 26.7774933], [79.9415785, 26.7942774], [79.897184, 26.8168293]]]}}, {"type": "Feature", "properties": {"name": "Auraiya", "facilities": 31, "lat": 26.6558, "lon": 79.5161}, "geometry": {"type": "Polygon", "coordinates": [[[79.2125508, 26.4371809], [79.2633123, 26.4638059], [79.2562904, 26.5002503], [79.3065314, 26.5172821], [79.2870005, 26.5271139], [79.2439594, 26.512408], [79.2365903, 26.5418575], [79.2052623, 26.5438326], [79.2567612, 26.6187601], [79.2814121, 26.6197892], [79.3194911, 26.6587856], [79.3048885, 26.6871597], [79.3430264, 26.7315375], [79.3244862, 26.7785501], [79.3393253, 26.7995735], [79.3391056, 26.8915313], [79.3585756, 26.9472752], [79.3928051, 26.9266941], [79.4369849, 26.9414001], [79.4554572, 26.9035001], [79.5595953, 26.8599556], [79.5826569, 26.8646649], [79.5999331, 26.892503], [79.6552342, 26.8920146], [79.7133518, 26.8093839], [79.7396923, 26.8127877], [79.7556846, 26.7953474], [79.7444242, 26.7645049], [79.6746712, 26.7438854], [79.7203303, 26.6908107], [79.7170535, 26.6582447], [79.6724898, 26.6112936], [79.6398566, 26.6069234], [79.6344622, 26.5764401], [79.6458441, 26.5713124], [79.6277109, 26.5442597], [79.6366837, 26.5100296], [79.6100695, 26.5040048], [79.6213151, 26.4913063], [79.5961266, 26.4794363], [79.5577502, 26.4085404], [79.5057887, 26.3642398], [79.4688459, 26.4332255], [79.3248269, 26.3984987], [79.297072, 26.4404877], [79.2434686, 26.426102], [79.2125508, 26.4371809]]]}}, {"type": "Feature", "properties": {"name": "Etawah", "facilities": 39, "lat": 26.7156, "lon": 79.0917}, "geometry": {"type": "Polygon", "coordinates": [[[78.7457785, 26.9153681], [78.7775601, 26.9492563], [78.8317656, 26.9490444], [78.853086, 26.9723069], [78.8670801, 26.9584069], [78.9218133, 26.9625029], [78.9244274, 26.9848293], [78.9443519, 26.9692453], [78.9580583, 26.9882278], [78.9912293, 26.9801991], [79.0115192, 26.9451393], [79.0639924, 26.9884262], [79.0973427, 26.982226], [79.0990757, 26.984525], [79.0940428, 26.9939833], [79.0929933, 26.9994638], [79.0944664, 26.9999938], [79.1802592, 27.0062959], [79.209006, 26.9700703], [79.2713056, 26.9900305], [79.3173027, 26.9775426], [79.3169871, 26.9436823], [79.3496534, 26.928412], [79.3339946, 26.8455644], [79.3461581, 26.8334323], [79.3244862, 26.7785501], [79.3428708, 26.7307838], [79.3049938, 26.6875071], [79.3194911, 26.6587856], [79.3102148, 26.6403923], [79.2567612, 26.6187601], [79.205065, 26.5415945], [79.2365903, 26.5418575], [79.2439594, 26.512408], [79.2870005, 26.5271139], [79.306221, 26.5164245], [79.2562904, 26.5002503], [79.2633123, 26.4638059], [79.1977955, 26.42537], [79.0997184, 26.4525892], [79.0694363, 26.4417139], [79.0526164, 26.4537383], [79.0681269, 26.4966211], [79.0396609, 26.5151142], [79.028338, 26.5466876], [79.0077436, 26.5438697], [78.9875879, 26.5863227], [79.0170629, 26.601036], [78.9934602, 26.6419072], [79.0085152, 26.6692888], [78.9833369, 26.6768785], [78.9454879, 26.6548216], [78.9560559, 26.6916804], [78.9125639, 26.7068343], [78.8723623, 26.6977868], [78.8189903, 26.7609418], [78.7768654, 26.7584581], [78.7930462, 26.8012918], [78.8333658, 26.7892816], [78.8533312, 26.8109232], [78.8095235, 26.8730427], [78.7811565, 26.8638549], [78.7866926, 26.8787464], [78.7662249, 26.9066958], [78.7433052, 26.8910716], [78.7457785, 26.9153681]]]}}, {"type": "Feature", "properties": {"name": "Jalaun", "facilities": 49, "lat": 26.1049, "lon": 79.3919}, "geometry": {"type": "Polygon", "coordinates": [[[78.9305135, 25.9597142], [78.9568143, 25.996538], [78.948263, 26.0277492], [79.0120632, 26.0831848], [78.9488704, 26.1286798], [78.9669558, 26.1501426], [79.0048954, 26.1480498], [79.0044687, 26.1692156], [78.9831139, 26.1843583], [78.9936657, 26.1968917], [79.0258304, 26.1917654], [79.0258215, 26.220098], [78.9893556, 26.234976], [79.0194422, 26.2476091], [79.0345985, 26.2253705], [79.0634447, 26.2259047], [79.0696951, 26.2456966], [79.0456441, 26.2603073], [79.0770085, 26.2806205], [79.0906482, 26.2700279], [79.1019288, 26.3068153], [79.1185982, 26.3003364], [79.1155273, 26.3204775], [79.1388308, 26.3375134], [79.0842441, 26.3623205], [79.0952064, 26.412636], [79.1259837, 26.4112536], [79.1359548, 26.4402807], [79.1954895, 26.4249921], [79.2105664, 26.4381163], [79.2434686, 26.426102], [79.2907995, 26.4423164], [79.3248269, 26.3984987], [79.4734262, 26.431679], [79.5051266, 26.3537117], [79.5251409, 26.3433615], [79.5681561, 26.3570986], [79.5257034, 26.3146875], [79.5521039, 26.2703987], [79.6415764, 26.2495954], [79.648645, 26.2104848], [79.7617936, 26.1837952], [79.7446983, 26.1362064], [79.7815693, 26.1106348], [79.8366594, 26.1013133], [79.8659092, 26.1166218], [79.9186601, 26.0905246], [79.9442818, 26.0607603], [79.9420326, 26.0334391], [79.916315, 26.0321084], [79.9070981, 26.0131782], [79.9544047, 26.0233595], [79.9233201, 25.9629062], [79.8871904, 25.9641744], [79.8763448, 25.9485354], [79.8606849, 25.9528191], [79.8725129, 25.971488], [79.8501671, 25.9718665], [79.8707268, 25.8823248], [79.811371, 25.9118814], [79.8113618, 25.8745757], [79.783616, 25.8663291], [79.7457, 25.9090895], [79.7128486, 25.9048615], [79.6896957, 25.924692], [79.6646116, 25.9066373], [79.6116542, 25.9318807], [79.6050332, 25.9036862], [79.5805976, 25.888414], [79.5202865, 25.8868109], [79.5284843, 25.865132], [79.5675682, 25.8662212], [79.5526016, 25.8235553], [79.4962119, 25.853508], [79.4643082, 25.8264211], [79.4570731, 25.7897678], [79.3996503, 25.8069575], [79.3259238, 25.7670448], [79.2916345, 25.7874493], [79.2999172, 25.8197106], [79.2618084, 25.7915839], [79.2442544, 25.8061608], [79.2108705, 25.7887587], [79.1637775, 25.8121351], [79.1343285, 25.8092606], [79.1150909, 25.8242897], [79.1266258, 25.8639163], [79.0961471, 25.8624286], [79.107202, 25.8912111], [79.0776293, 25.8901485], [79.0653274, 25.8558029], [79.0383677, 25.8684264], [79.0314305, 25.9040314], [79.0526256, 25.8922278], [79.0823791, 25.9189667], [78.9772514, 25.9466141], [78.9690509, 25.9356753], [78.9305135, 25.9597142]]]}}, {"type": "Feature", "properties": {"name": "Jhansi", "facilities": 54, "lat": 25.5299, "lon": 78.6528}, "geometry": {"type": "Polygon", "coordinates": [[[78.3007987, 25.3599357], [78.3409127, 25.4001256], [78.3545445, 25.4519791], [78.3771045, 25.4368864], [78.4155071, 25.4756969], [78.4313025, 25.4743011], [78.4193405, 25.5329641], [78.4435992, 25.5632036], [78.4646937, 25.5455086], [78.4933385, 25.5786978], [78.5877417, 25.5566002], [78.6181362, 25.5836626], [78.6307968, 25.5789325], [78.624193, 25.5673784], [78.6586749, 25.5598867], [78.7173291, 25.6053292], [78.7421494, 25.5969932], [78.8104641, 25.6194506], [78.8167042, 25.6763215], [78.7999117, 25.7050682], [78.7633317, 25.7199297], [78.7528558, 25.7500024], [78.7828829, 25.758483], [78.8082876, 25.8009712], [78.8286166, 25.7957076], [78.8283102, 25.8143382], [78.8062664, 25.8130929], [78.8184353, 25.8290073], [78.8455512, 25.8215549], [78.8459501, 25.8007759], [78.8670802, 25.7932143], [78.8725785, 25.835093], [78.8514072, 25.8384625], [78.8513142, 25.8542272], [78.8730566, 25.8751388], [78.8873791, 25.8684948], [78.8846391, 25.9139295], [78.9371075, 25.952755], [79.0823791, 25.9189667], [79.0526256, 25.8922278], [79.0314305, 25.9040314], [79.0384627, 25.8682279], [79.0653274, 25.8558029], [79.0776293, 25.8901485], [79.107202, 25.8912111], [79.0961471, 25.8624286], [79.1266258, 25.8639163], [79.1150909, 25.8242897], [79.1351961, 25.8088905], [79.1637775, 25.8121351], [79.2108705, 25.7887587], [79.2442544, 25.8061608], [79.2618084, 25.7915839], [79.2999172, 25.8197106], [79.2916345, 25.7874493], [79.3259238, 25.7670448], [79.3475713, 25.7877717], [79.4022311, 25.7880749], [79.358239, 25.7692787], [79.3996632, 25.7382031], [79.3688442, 25.7009612], [79.3874287, 25.6833001], [79.3789406, 25.6628236], [79.4034442, 25.6503774], [79.3552686, 25.6438979], [79.385994, 25.5762612], [79.4200072, 25.5744808], [79.3977361, 25.564385], [79.4109042, 25.5373831], [79.3621067, 25.4852107], [79.3668025, 25.4600799], [79.3328256, 25.4335846], [79.3403499, 25.4021952], [79.2989615, 25.3774726], [79.2698972, 25.3083301], [79.2735416, 25.2606105], [79.2937874, 25.2835836], [79.3165177, 25.2559577], [79.3508622, 25.2639201], [79.3435758, 25.2270567], [79.3327571, 25.2282796], [79.3518943, 25.2121566], [79.3383635, 25.1979586], [79.328527, 25.2213228], [79.2792521, 25.2447295], [79.2846166, 25.1911877], [79.3085083, 25.1982867], [79.3231975, 25.1497604], [79.2825488, 25.1175371], [79.2599048, 25.1252577], [79.2688129, 25.1384488], [79.2604741, 25.1531129], [79.2443152, 25.1135659], [79.2150295, 25.1114066], [79.1922096, 25.1462139], [79.176604, 25.1413484], [79.1872903, 25.1263792], [79.1742433, 25.1082843], [79.1240207, 25.1107797], [79.1260936, 25.1612199], [79.0906303, 25.1908075], [79.0508056, 25.1339841], [79.0307632, 25.1384796], [79.0309138, 25.1844807], [79.0523292, 25.2074446], [79.0485871, 25.1934549], [79.0596661, 25.190409], [79.0636834, 25.2217578], [79.0217734, 25.2415719], [79.0132216, 25.2740499], [78.9943746, 25.2731634], [78.9748443, 25.2404934], [79.0011862, 25.2336981], [79.0058735, 25.1950472], [78.9538581, 25.2189626], [78.8801515, 25.1573464], [78.8704741, 25.1879715], [78.8902473, 25.2144346], [78.8687038, 25.2303815], [78.8785422, 25.2523621], [78.8987446, 25.2430268], [78.9161467, 25.273514], [78.9450502, 25.2591737], [78.9554786, 25.2825752], [78.9799619, 25.2780155], [78.9578819, 25.3022087], [78.9601564, 25.3454805], [78.927648, 25.3239144], [78.9211035, 25.3434055], [78.9116621, 25.3324094], [78.882029, 25.3431922], [78.8626742, 25.3148175], [78.8799691, 25.2858153], [78.8499284, 25.2284695], [78.8087726, 25.270875], [78.8280201, 25.3033144], [78.787154, 25.2967186], [78.7973356, 25.3135761], [78.8189435, 25.3071748], [78.845669, 25.3271438], [78.845669, 25.3555834], [78.8802266, 25.3859259], [78.9521741, 25.3995049], [78.9380336, 25.3745071], [78.8960195, 25.3743133], [78.9380014, 25.3473421], [78.958708, 25.3710658], [78.9891243, 25.3737898], [78.9701772, 25.3897254], [78.9671945, 25.4346905], [78.9513802, 25.4407169], [78.9375615, 25.4220943], [78.9089799, 25.4423252], [78.9425397, 25.4786897], [78.9199877, 25.5150238], [78.9528394, 25.5377368], [78.9417672, 25.5570578], [78.9230025, 25.536033], [78.9111686, 25.5551413], [78.8817072, 25.5534184], [78.8847327, 25.5158372], [78.838191, 25.5096984], [78.8657856, 25.4646063], [78.8457441, 25.4282375], [78.8210034, 25.4383141], [78.8549173, 25.4478474], [78.8404226, 25.4617003], [78.8212824, 25.4678415], [78.8078069, 25.4536019], [78.8173127, 25.4720647], [78.7924218, 25.4839971], [78.7675953, 25.4698756], [78.7368679, 25.4933331], [78.7316321, 25.4578449], [78.7667799, 25.4238966], [78.8018417, 25.4371515], [78.8217115, 25.4222687], [78.7480259, 25.4094191], [78.7475109, 25.3921098], [78.7674343, 25.3998731], [78.75736, 25.3853637], [78.7736678, 25.3760388], [78.7740701, 25.3530626], [78.7268901, 25.3431922], [78.6996603, 25.3818936], [78.6601782, 25.3836965], [78.6661219, 25.4154855], [78.6750269, 25.3998634], [78.7111187, 25.4283925], [78.6895537, 25.4453673], [78.6820006, 25.4334891], [78.6588692, 25.4415501], [78.6421537, 25.4348068], [78.6348796, 25.4007163], [78.6091089, 25.4156793], [78.5909128, 25.386081], [78.5664511, 25.3914701], [78.5616874, 25.3782489], [78.5870504, 25.3711337], [78.5846901, 25.3465664], [78.5295653, 25.3529656], [78.5525572, 25.3196667], [78.5320759, 25.3003658], [78.5100388, 25.2954964], [78.50358, 25.3210245], [78.47296, 25.2855243], [78.440237, 25.2955934], [78.4502363, 25.262104], [78.5040414, 25.2898605], [78.5781026, 25.2526822], [78.5570097, 25.2088629], [78.4447609, 25.1205779], [78.4273813, 25.1541036], [78.4581187, 25.1645732], [78.3956623, 25.1870888], [78.3907383, 25.2010146], [78.410952, 25.212666], [78.3598, 25.2421932], [78.3725142, 25.2599069], [78.3501106, 25.2773273], [78.3545858, 25.2922544], [78.3117342, 25.3033006], [78.3437932, 25.3284558], [78.3280579, 25.3525429], [78.3007987, 25.3599357]]]}}, {"type": "Feature", "properties": {"name": "Kannauj", "facilities": 33, "lat": 26.9987, "lon": 79.6928}, "geometry": {"type": "Polygon", "coordinates": [[[79.3249727, 26.9603695], [79.3550878, 26.9583317], [79.3814243, 26.9879134], [79.4010404, 27.0554318], [79.433157, 27.0684062], [79.4364246, 27.0950315], [79.396835, 27.0948853], [79.3940879, 27.1166306], [79.3821565, 27.1147091], [79.4128921, 27.1371103], [79.3896249, 27.1564396], [79.3902082, 27.1828222], [79.4207056, 27.2286887], [79.4388594, 27.2105512], [79.5191234, 27.2085732], [79.5565072, 27.1567829], [79.5998611, 27.1723396], [79.6050486, 27.1876715], [79.6684751, 27.1664481], [79.6976092, 27.2156399], [79.7095744, 27.2072844], [79.7216479, 27.220864], [79.8045615, 27.1712726], [79.859464, 27.1615793], [79.8533267, 27.1506317], [79.9103662, 27.1345903], [79.9251941, 27.1460751], [79.95202, 27.1137806], [79.9421605, 27.0853205], [79.9984423, 27.0563667], [79.9878823, 27.0107816], [80.0290494, 26.9585945], [79.993232, 26.9633769], [79.9787626, 26.9492111], [79.9933956, 26.9386864], [79.9838127, 26.9299177], [79.9604158, 26.9528027], [79.944669, 26.9453307], [79.9384706, 26.876426], [79.9621061, 26.8586216], [79.9427191, 26.8452696], [79.8936009, 26.8490736], [79.8892748, 26.8109055], [79.8571474, 26.8275404], [79.8502151, 26.8040829], [79.8643089, 26.7965844], [79.8416259, 26.7734418], [79.8095391, 26.7844097], [79.7768047, 26.7689276], [79.7396923, 26.8127877], [79.7133518, 26.8093839], [79.6552342, 26.8920146], [79.5999331, 26.892503], [79.5826569, 26.8646649], [79.5595953, 26.8599556], [79.4554572, 26.9035001], [79.4369849, 26.9414001], [79.3928051, 26.9266941], [79.3589673, 26.9473822], [79.3406333, 26.931984], [79.3169871, 26.9436823], [79.3249727, 26.9603695]]]}}, {"type": "Feature", "properties": {"name": "Kanpur Dehat", "facilities": 47, "lat": 26.4586, "lon": 79.8548}, "geometry": {"type": "Polygon", "coordinates": [[[79.5057887, 26.3642398], [79.5577502, 26.4085404], [79.5961266, 26.4794363], [79.6213151, 26.4913063], [79.6100695, 26.5040048], [79.6366837, 26.5100296], [79.6277109, 26.5442597], [79.6458441, 26.5713124], [79.6344622, 26.5764401], [79.6398566, 26.6069234], [79.6724898, 26.6112936], [79.7170535, 26.6582447], [79.7203303, 26.6908107], [79.6746712, 26.7438854], [79.7186854, 26.7494722], [79.7568646, 26.7827439], [79.7768047, 26.7689276], [79.8095391, 26.7844097], [79.8397209, 26.7725664], [79.8643089, 26.7965844], [79.8502151, 26.8040829], [79.8571474, 26.8275404], [79.9415785, 26.7942774], [79.951112, 26.7774933], [79.9353627, 26.7616496], [79.9629429, 26.7429718], [79.9780583, 26.703637], [80.0035121, 26.6978729], [80.0045347, 26.6771906], [79.9812231, 26.6632411], [80.0146796, 26.6434745], [80.0214615, 26.6094122], [80.0523085, 26.6084755], [80.0699633, 26.5901632], [80.0914695, 26.6004202], [80.0947449, 26.5834754], [80.1330006, 26.570347], [80.1316221, 26.5491548], [80.1597171, 26.5530165], [80.1428752, 26.5319185], [80.1775224, 26.5281657], [80.1618012, 26.5200038], [80.1748934, 26.5038295], [80.138802, 26.4967861], [80.1549553, 26.4716832], [80.1305659, 26.4791775], [80.1195895, 26.4652192], [80.1363054, 26.4018762], [80.1510044, 26.4052545], [80.1349216, 26.3943262], [80.1537398, 26.3813942], [80.1365274, 26.3656826], [80.1508555, 26.3662945], [80.1504057, 26.3480218], [80.1809271, 26.3515243], [80.1849711, 26.3349106], [80.1561299, 26.3018928], [80.1253495, 26.3209221], [80.1417436, 26.2811034], [80.1233402, 26.2667599], [80.0937412, 26.2903221], [80.0081626, 26.2609257], [80.0013951, 26.1934474], [80.0188962, 26.1766351], [79.9762762, 26.1537738], [79.941883, 26.1626873], [79.9186601, 26.0905246], [79.8659092, 26.1166218], [79.8366594, 26.1013133], [79.7815693, 26.1106348], [79.7446983, 26.1362064], [79.7636758, 26.1822758], [79.648645, 26.2104848], [79.6415764, 26.2495954], [79.5530644, 26.2696906], [79.5257034, 26.3146875], [79.5681561, 26.3570986], [79.5251409, 26.3433615], [79.5057887, 26.3642398]]]}}, {"type": "Feature", "properties": {"name": "Lalitpur", "facilities": 33, "lat": 24.7, "lon": 78.5186}, "geometry": {"type": "Polygon", "coordinates": [[[78.170389, 24.87253], [78.3338524, 24.9954996], [78.3473727, 25.0215315], [78.338635, 25.0865814], [78.406818, 25.1289326], [78.4447609, 25.1205779], [78.5700988, 25.2233449], [78.602972, 25.1457897], [78.602736, 25.0944215], [78.6277985, 25.0866872], [78.6526167, 25.0505925], [78.631731, 24.9576941], [78.6633933, 24.9384424], [78.6765598, 24.8986312], [78.7700367, 24.8590197], [78.7898391, 24.8109779], [78.7703977, 24.7884008], [78.7809999, 24.7060757], [78.7439279, 24.6540599], [78.7520302, 24.6001799], [78.7837871, 24.5885603], [78.8346107, 24.6045555], [78.8433015, 24.6232903], [78.8597653, 24.6176406], [78.8680162, 24.6399896], [78.883109, 24.6413973], [78.9532101, 24.5468959], [78.9472554, 24.502404], [78.9715215, 24.4942418], [78.9431241, 24.4790088], [78.918532, 24.4953002], [78.9151165, 24.4582001], [78.9474838, 24.4366219], [78.9857612, 24.4416837], [78.9936477, 24.42275], [78.971454, 24.3476058], [78.9096377, 24.297995], [78.9160702, 24.2676263], [78.8843741, 24.25], [78.8843794, 24.2195957], [78.8267481, 24.1954463], [78.8149462, 24.2068045], [78.8123651, 24.1806344], [78.7894314, 24.1771113], [78.7618916, 24.2595369], [78.7504242, 24.233887], [78.734166, 24.2524051], [78.7030579, 24.2269232], [78.6686337, 24.2400373], [78.6600457, 24.2675947], [78.625803, 24.2805906], [78.6284428, 24.303938], [78.6036463, 24.3144997], [78.5860043, 24.3537423], [78.5298842, 24.3680952], [78.5096747, 24.3894014], [78.41361, 24.2726661], [78.3856689, 24.2696687], [78.3486768, 24.298964], [78.3292009, 24.3294481], [78.3657865, 24.3859762], [78.2696896, 24.4469392], [78.2749791, 24.4739234], [78.2458905, 24.4861392], [78.2460165, 24.509539], [78.2254185, 24.521372], [78.2294432, 24.537534], [78.2644694, 24.5522023], [78.2779835, 24.6147576], [78.2626736, 24.6460018], [78.2767761, 24.6625101], [78.2256204, 24.7482349], [78.235355, 24.7727416], [78.1992935, 24.8378584], [78.1732686, 24.8466937], [78.170389, 24.87253]]]}}, {"type": "Feature", "properties": {"name": "Barabanki", "facilities": 60, "lat": 26.9421, "lon": 81.3856}, "geometry": {"type": "Polygon", "coordinates": [[[80.9303362, 27.1586342], [80.927052, 27.2009826], [80.9372121, 27.1943723], [80.965641, 27.2170948], [80.9692944, 27.2402634], [81.0667175, 27.2191234], [81.112815, 27.2745538], [81.1485817, 27.2579239], [81.1734814, 27.2669471], [81.2071794, 27.2371973], [81.2252768, 27.272415], [81.2419787, 27.2704611], [81.2283403, 27.3238329], [81.2482727, 27.3139765], [81.2580491, 27.3347096], [81.2806166, 27.3323385], [81.2918285, 27.3593073], [81.3155597, 27.320482], [81.3148708, 27.2785812], [81.3411274, 27.2537499], [81.3768974, 27.2674105], [81.3953046, 27.3407848], [81.4322189, 27.3240922], [81.4353355, 27.2213149], [81.4581727, 27.1904249], [81.4378773, 27.1813611], [81.4399548, 27.1615912], [81.4479096, 27.1290122], [81.4762949, 27.108102], [81.4787105, 27.0755158], [81.5049135, 27.059049], [81.5148562, 27.0842991], [81.5410742, 27.0520207], [81.6107807, 27.0370905], [81.6540122, 26.9969799], [81.6511924, 26.9800765], [81.6875394, 26.9569158], [81.7284737, 26.9673067], [81.7373856, 26.9500394], [81.7228531, 26.9260209], [81.7611519, 26.8799529], [81.71526, 26.8416043], [81.652208, 26.8452765], [81.6408255, 26.8227016], [81.6036003, 26.8509228], [81.5762493, 26.8340161], [81.5681521, 26.7910302], [81.5526154, 26.7819527], [81.604969, 26.7237192], [81.6030334, 26.6806136], [81.5760398, 26.6859435], [81.5436171, 26.6620336], [81.5448187, 26.6436231], [81.5643463, 26.6388661], [81.5561844, 26.6166911], [81.5745517, 26.6127953], [81.5444241, 26.5765708], [81.5517556, 26.5627205], [81.535516, 26.5438567], [81.5469877, 26.5263718], [81.5103339, 26.528107], [81.51394, 26.5498706], [81.4864689, 26.543309], [81.457105, 26.5748582], [81.4316991, 26.5602387], [81.3817528, 26.5898834], [81.3514953, 26.5459951], [81.3232493, 26.5530869], [81.3153715, 26.5407221], [81.2188631, 26.5989482], [81.1816897, 26.606635], [81.1660728, 26.5954757], [81.1823748, 26.621405], [81.166537, 26.6439607], [81.2167295, 26.7058067], [81.1891055, 26.76176], [81.2137699, 26.7836602], [81.1740815, 26.7893338], [81.1595155, 26.7752856], [81.1687133, 26.8079682], [81.1409737, 26.8125724], [81.1298197, 26.8336473], [81.0898139, 26.8360256], [81.0953718, 26.9141579], [81.0724094, 26.9107307], [81.041114, 26.9400427], [81.0636146, 26.9682939], [81.0298429, 26.967562], [81.0283269, 26.9852366], [80.9964078, 27.0002306], [81.0018156, 27.0378348], [80.9782615, 27.0377891], [80.9720276, 27.055153], [80.9938222, 27.0758125], [81.0368861, 27.0733564], [81.0486081, 27.0926631], [81.0157288, 27.1053844], [81.0243692, 27.1189553], [81.0115328, 27.1411242], [80.9532675, 27.1408065], [80.9303362, 27.1586342]]]}}, {"type": "Feature", "properties": {"name": "Gonda", "facilities": 61, "lat": 27.1104, "lon": 81.9239}, "geometry": {"type": "Polygon", "coordinates": [[[81.5148562, 27.0842991], [81.5426111, 27.0771216], [81.5393361, 27.0948085], [81.567391, 27.129492], [81.5859043, 27.1175494], [81.6057732, 27.1457564], [81.6291877, 27.1415792], [81.6410985, 27.157453], [81.6415469, 27.1877042], [81.6664736, 27.2002796], [81.665037, 27.2333829], [81.7078461, 27.2769023], [81.6832881, 27.316005], [81.7335315, 27.330076], [81.7947435, 27.2923394], [81.7974335, 27.2735109], [81.824179, 27.2700939], [81.8534258, 27.326817], [81.9222367, 27.3127414], [81.9068492, 27.3652283], [81.9391159, 27.3861678], [81.9265294, 27.4089509], [81.9395317, 27.4320212], [81.9693999, 27.4396479], [82.0010316, 27.4084972], [82.0573984, 27.4161746], [82.0822552, 27.3941126], [82.1173487, 27.404248], [82.1118166, 27.3768562], [82.140025, 27.3614887], [82.1466696, 27.3333156], [82.1904055, 27.3197212], [82.2573622, 27.2613163], [82.2967918, 27.2468285], [82.3013735, 27.2122933], [82.2719531, 27.235193], [82.2457545, 27.2221535], [82.2277676, 27.1696662], [82.2747323, 27.1138609], [82.3172971, 27.1046976], [82.32515, 27.0658348], [82.371077, 27.0531036], [82.3819316, 27.0739376], [82.404227, 27.0742164], [82.3995273, 27.0930057], [82.4213828, 27.0850147], [82.4381588, 27.1091166], [82.4353691, 27.1404529], [82.4604425, 27.1206309], [82.4687148, 27.1339261], [82.455786, 27.1512691], [82.4896575, 27.1649814], [82.5048903, 27.121327], [82.5547273, 27.1018852], [82.5710562, 27.0128476], [82.6139419, 27.0019417], [82.5841426, 27.0004857], [82.5631517, 26.9866753], [82.5620371, 26.9648801], [82.5111195, 26.946837], [82.4879832, 26.903351], [82.3882945, 26.9494427], [82.3534324, 26.932161], [82.3160323, 26.9783342], [82.2742125, 26.9360608], [82.2575055, 26.942158], [82.2338631, 26.9198194], [82.2501574, 26.8962051], [82.2308429, 26.8658556], [82.2534454, 26.8114911], [82.2229684, 26.808062], [82.1913782, 26.837053], [82.1409489, 26.8352986], [81.9767493, 26.7811535], [81.9171778, 26.7911882], [81.8922427, 26.8273758], [81.8300309, 26.8447611], [81.8199999, 26.8651636], [81.7899052, 26.8532615], [81.7476789, 26.8669499], [81.7611519, 26.8799529], [81.7228531, 26.9260209], [81.7373856, 26.9500394], [81.7300588, 26.9659021], [81.6875394, 26.9569158], [81.6511924, 26.9800765], [81.6540122, 26.9969799], [81.6187682, 27.0320396], [81.5410742, 27.0520207], [81.5148562, 27.0842991]]]}}, {"type": "Feature", "properties": {"name": "Basti", "facilities": 53, "lat": 26.8387, "lon": 82.5351}, "geometry": {"type": "Polygon", "coordinates": [[[82.2286718, 26.8122346], [82.2584108, 26.8197042], [82.2308429, 26.8658556], [82.2501574, 26.8962051], [82.2349878, 26.922007], [82.2575055, 26.942158], [82.2742125, 26.9360608], [82.3152847, 26.9780532], [82.3534324, 26.932161], [82.3882945, 26.9494427], [82.4883389, 26.903409], [82.5111195, 26.946837], [82.5620371, 26.9648801], [82.5631517, 26.9866753], [82.5841426, 27.0004857], [82.6136077, 27.0002626], [82.5710562, 27.0128476], [82.5545234, 27.0491929], [82.5788792, 27.1014756], [82.6361881, 27.1047859], [82.6593581, 27.1242805], [82.7222906, 27.1000192], [82.763414, 27.1120108], [82.7905129, 27.0803523], [82.7937021, 27.0479997], [82.8293194, 27.0190907], [82.8645816, 27.0380413], [82.9106225, 26.9966047], [82.8994712, 26.9808178], [82.9140779, 26.966424], [82.9068383, 26.938651], [82.9301822, 26.9224936], [82.8697465, 26.9401301], [82.8485601, 26.9167661], [82.8718972, 26.9153336], [82.8548306, 26.8985589], [82.8726833, 26.8786778], [82.8465619, 26.876008], [82.8224201, 26.8501528], [82.8824376, 26.8298151], [82.8867884, 26.7789031], [82.9315163, 26.7908194], [82.918904, 26.7608462], [82.9375258, 26.7642372], [82.962268, 26.7426818], [82.9776219, 26.7077749], [82.9695078, 26.6721346], [82.9423211, 26.6776465], [82.9167294, 26.6557335], [82.9339116, 26.6178292], [82.9063076, 26.635713], [82.894548, 26.6101954], [82.8262116, 26.6078552], [82.8193737, 26.5686981], [82.7122024, 26.5546184], [82.6628923, 26.6044297], [82.5771135, 26.6042866], [82.4730354, 26.6525251], [82.4450938, 26.639414], [82.3851266, 26.6553789], [82.3169139, 26.7228278], [82.2820561, 26.737832], [82.2286718, 26.8122346]]]}}, {"type": "Feature", "properties": {"name": "Ayodhya", "facilities": 39, "lat": 26.6383, "lon": 82.0585}, "geometry": {"type": "Polygon", "coordinates": [[[81.5683755, 26.6659197], [81.5448187, 26.6436231], [81.5479086, 26.6684766], [81.5760398, 26.6859435], [81.6030334, 26.6806136], [81.604969, 26.7237192], [81.5526154, 26.7819527], [81.5681521, 26.7910302], [81.5770888, 26.8353206], [81.6036003, 26.8509228], [81.6408255, 26.8227016], [81.652208, 26.8452765], [81.71526, 26.8416043], [81.7438731, 26.8698864], [81.7899052, 26.8532615], [81.8199999, 26.8651636], [81.8300309, 26.8447611], [81.8922427, 26.8273758], [81.9171778, 26.7911882], [81.9767493, 26.7811535], [82.0340922, 26.8088667], [82.1913782, 26.837053], [82.2414891, 26.8083289], [82.2744351, 26.7455319], [82.3789292, 26.6593323], [82.4450938, 26.639414], [82.4730353, 26.6525251], [82.4770984, 26.6186044], [82.4529095, 26.6051626], [82.4652063, 26.5826411], [82.4287907, 26.5469407], [82.414409, 26.5583853], [82.4017146, 26.5427739], [82.3708673, 26.5469191], [82.3753631, 26.572597], [82.3361095, 26.5784853], [82.3095787, 26.5265603], [82.3157528, 26.5099377], [82.2849213, 26.4850463], [82.2535175, 26.4215976], [82.1972657, 26.4074193], [82.1462131, 26.4361017], [82.148577, 26.4503621], [82.125801, 26.4498856], [82.1256255, 26.4708028], [82.1206168, 26.4585096], [82.0959139, 26.4785032], [82.0459152, 26.4677886], [82.0382494, 26.4865667], [82.0180601, 26.4961337], [82.0077554, 26.4794055], [81.9733639, 26.5146571], [81.8963788, 26.5079966], [81.8987155, 26.5291028], [81.8797773, 26.5376204], [81.8464794, 26.5121607], [81.8098158, 26.5401551], [81.7978975, 26.5284654], [81.7621095, 26.5469802], [81.730964, 26.5460706], [81.7178461, 26.5193886], [81.6773414, 26.5272999], [81.6787576, 26.5426961], [81.6977262, 26.542197], [81.7019748, 26.5898704], [81.6489458, 26.5842799], [81.6503048, 26.6095941], [81.6766119, 26.6041071], [81.6448974, 26.6387514], [81.6211612, 26.6226871], [81.5683755, 26.6659197]]]}}, {"type": "Feature", "properties": {"name": "Fatehpur", "facilities": 52, "lat": 25.8348, "lon": 80.9155}, "geometry": {"type": "Polygon", "coordinates": [[[80.2369424, 25.9234876], [80.2138028, 25.9676555], [80.2454436, 25.9887182], [80.2541741, 26.0452115], [80.3126836, 26.072165], [80.3252233, 26.1152609], [80.4037496, 26.1622569], [80.4289507, 26.153377], [80.4475257, 26.1818688], [80.4755044, 26.1738369], [80.4940473, 26.1958057], [80.5167955, 26.1876215], [80.5449878, 26.2235772], [80.5965945, 26.2276946], [80.6084966, 26.2079024], [80.5916103, 26.17708], [80.6147683, 26.1505478], [80.6545597, 26.146129], [80.647073, 26.13132], [80.6699178, 26.1014065], [80.7143752, 26.0765594], [80.7321142, 26.1062185], [80.7517444, 26.1026503], [80.794596, 26.0732886], [80.8253598, 26.019581], [80.8758593, 26.0551847], [80.9278805, 26.0502242], [81.0132575, 26.0749663], [81.0633301, 26.0003539], [81.2162541, 25.9400139], [81.2193555, 25.8660246], [81.2911871, 25.8479252], [81.3383733, 25.8107027], [81.3086054, 25.770132], [81.2623192, 25.7530957], [81.2469537, 25.7615082], [81.2265214, 25.7149598], [81.1984512, 25.7203975], [81.1940162, 25.7028774], [81.2041978, 25.6842485], [81.2377677, 25.6776635], [81.215222, 25.6708679], [81.2072573, 25.5977808], [81.2307839, 25.5926019], [81.2556902, 25.5580907], [81.247804, 25.5153254], [81.268163, 25.499812], [81.2348077, 25.4849203], [81.2213327, 25.43836], [81.1903598, 25.4459603], [81.1877173, 25.491177], [81.042528, 25.5290366], [81.0010978, 25.5648631], [81.0326981, 25.5983341], [81.0299077, 25.6331247], [80.9518357, 25.6120491], [80.9375103, 25.6910172], [80.8591678, 25.6782884], [80.8360068, 25.7265677], [80.7759823, 25.6885795], [80.7243847, 25.6809964], [80.57545, 25.7157154], [80.5548877, 25.7338505], [80.5767732, 25.7569222], [80.575697, 25.7799893], [80.5227529, 25.7735437], [80.4659164, 25.8218365], [80.4763255, 25.8358298], [80.5389048, 25.8400481], [80.5552157, 25.8618288], [80.5475847, 25.8754232], [80.4052071, 25.9137466], [80.3096126, 25.888627], [80.2686241, 25.9330305], [80.2369424, 25.9234876]]]}}, {"type": "Feature", "properties": {"name": "Hamirpur", "facilities": 37, "lat": 25.8198, "lon": 79.8679}, "geometry": {"type": "Polygon", "coordinates": [[[79.3918837, 25.5244826], [79.4109939, 25.537717], [79.3984081, 25.5656351], [79.4198233, 25.57523], [79.385994, 25.5762612], [79.3552686, 25.6438979], [79.4028015, 25.6489334], [79.3782981, 25.6637714], [79.3874287, 25.6833001], [79.3688442, 25.7009612], [79.3999968, 25.7371469], [79.3586724, 25.771382], [79.3937641, 25.7750645], [79.3996503, 25.8069575], [79.4570731, 25.7897678], [79.4643082, 25.8264211], [79.4962119, 25.853508], [79.5526016, 25.8235553], [79.5675682, 25.8662212], [79.5284843, 25.865132], [79.5202865, 25.8868109], [79.5805976, 25.888414], [79.6050332, 25.9036862], [79.6116542, 25.9318807], [79.6646116, 25.9066373], [79.6896957, 25.924692], [79.7128486, 25.9048615], [79.7457, 25.9090895], [79.783616, 25.8663291], [79.8113618, 25.8745757], [79.811371, 25.9118814], [79.8707268, 25.8823248], [79.8501671, 25.9718665], [79.8725129, 25.971488], [79.8606849, 25.9528191], [79.8763448, 25.9485354], [79.8871904, 25.9641744], [79.9233201, 25.9629062], [79.9544047, 26.0233595], [79.9070981, 26.0131782], [79.916315, 26.0321084], [79.9420326, 26.0334391], [79.9442818, 26.0607603], [79.9186601, 26.0905246], [79.941883, 26.1626873], [79.9653966, 26.1494282], [79.9578094, 26.0781396], [80.092821, 26.0644934], [80.1091289, 26.0520794], [80.0841443, 25.9980413], [80.1934336, 25.9457385], [80.2145005, 25.9196417], [80.2660678, 25.9338951], [80.3064387, 25.8897808], [80.3457887, 25.9000304], [80.3515129, 25.8709572], [80.3287173, 25.84368], [80.2967918, 25.8461552], [80.2853748, 25.8149037], [80.2316907, 25.7990748], [80.3197956, 25.7511084], [80.3507351, 25.7036969], [80.3235492, 25.7123072], [80.3074237, 25.7005416], [80.3183683, 25.6474013], [80.2786544, 25.6268297], [80.2938276, 25.6087936], [80.2793701, 25.584034], [80.2548492, 25.5918645], [80.2328261, 25.5586544], [80.2172528, 25.559588], [80.2080146, 25.5293784], [80.2244083, 25.526624], [80.2191276, 25.5134863], [80.1512933, 25.5086307], [80.1470954, 25.5350937], [80.0880394, 25.5462568], [80.0759378, 25.5874405], [80.0092562, 25.5937914], [80.0033598, 25.6166921], [79.9535858, 25.643245], [79.9451791, 25.5890798], [79.909168, 25.5970698], [79.8706516, 25.5770702], [79.8411875, 25.5933584], [79.8448259, 25.6090292], [79.7989599, 25.6247826], [79.7710774, 25.5814772], [79.7473635, 25.5740948], [79.7091032, 25.592894], [79.6993969, 25.5503554], [79.656713, 25.5501231], [79.6660462, 25.5100426], [79.6423304, 25.5089122], [79.6399709, 25.484955], [79.6156101, 25.4815118], [79.5952484, 25.4987144], [79.5688409, 25.4766178], [79.5596688, 25.4915807], [79.5282771, 25.4824056], [79.5227753, 25.4967005], [79.4830666, 25.4905782], [79.3918837, 25.5244826]]]}}, {"type": "Feature", "properties": {"name": "Raebareli", "facilities": 75, "lat": 26.2087, "lon": 81.2186}, "geometry": {"type": "Polygon", "coordinates": [[[80.6701935, 26.1035502], [80.6735557, 26.1234653], [80.6970381, 26.1155712], [80.6935052, 26.1612857], [80.768984, 26.1825495], [80.7692113, 26.2132066], [80.818899, 26.2014468], [80.8238, 26.2280845], [80.8813796, 26.281227], [80.867523, 26.3228809], [80.8269356, 26.3414093], [80.8421407, 26.3708091], [80.8902666, 26.3585674], [80.8913569, 26.3443141], [80.9157167, 26.3541304], [80.9255159, 26.3419255], [80.9359145, 26.359431], [80.947788, 26.3099952], [80.9982474, 26.313057], [80.9984044, 26.350974], [81.0498801, 26.37601], [81.0290765, 26.3807401], [81.0303815, 26.414454], [80.9820225, 26.4730354], [80.98564, 26.4852816], [80.9983953, 26.4763485], [80.9925472, 26.5076717], [81.0075232, 26.5036469], [80.9943084, 26.5138051], [81.0090878, 26.5287982], [81.0546342, 26.506494], [81.0992526, 26.5627435], [81.124866, 26.5589867], [81.1410334, 26.5881294], [81.1816897, 26.606635], [81.2737723, 26.5746153], [81.304927, 26.5439623], [81.3339043, 26.5512535], [81.3608268, 26.5254928], [81.3795122, 26.4565768], [81.3632289, 26.4455469], [81.3994387, 26.4182334], [81.3828971, 26.3909864], [81.3945846, 26.3431934], [81.3668512, 26.3375939], [81.4089726, 26.318162], [81.391512, 26.2916965], [81.3579748, 26.2791954], [81.353519, 26.2278374], [81.4143432, 26.2355465], [81.4337628, 26.2120632], [81.4701282, 26.2335889], [81.5193037, 26.2208806], [81.5401843, 26.2472188], [81.5599035, 26.236759], [81.5863365, 26.2500864], [81.5937215, 26.2205642], [81.61247, 26.2180172], [81.6182962, 26.180688], [81.6120469, 26.1544962], [81.5689747, 26.1463669], [81.5350352, 26.1034529], [81.5671258, 26.0731819], [81.532644, 26.0615336], [81.5388068, 26.0249767], [81.5667741, 26.0266516], [81.5601042, 25.9962645], [81.5920379, 25.969397], [81.5121501, 25.960009], [81.4839866, 25.9312937], [81.4501089, 25.9276095], [81.4433969, 25.9396506], [81.4492707, 25.9202482], [81.4261493, 25.9181773], [81.4053336, 25.8918146], [81.3822032, 25.8845912], [81.3711949, 25.8966608], [81.3690057, 25.8666359], [81.3325582, 25.8699745], [81.3249699, 25.8573021], [81.3522777, 25.8360497], [81.3383733, 25.8107027], [81.2911871, 25.8479252], [81.2193555, 25.8660246], [81.2162541, 25.9400139], [81.0633301, 26.0003539], [81.0140875, 26.0746149], [80.9278805, 26.0502242], [80.8758593, 26.0551847], [80.8288067, 26.0187968], [80.8096149, 26.0299729], [80.794596, 26.0732886], [80.7517444, 26.1026503], [80.7321142, 26.1062185], [80.7216185, 26.075035], [80.6701935, 26.1035502]]]}}, {"type": "Feature", "properties": {"name": "Prayagraj", "facilities": 68, "lat": 25.2793, "lon": 81.9035}, "geometry": {"type": "Polygon", "coordinates": [[[81.5399143, 25.1860789], [81.5170799, 25.2101669], [81.5225855, 25.2356908], [81.5621995, 25.2386966], [81.5499733, 25.2921741], [81.6286667, 25.3507253], [81.6979492, 25.3574237], [81.7133553, 25.3897457], [81.6941933, 25.394107], [81.674602, 25.3728109], [81.6584433, 25.3813821], [81.6638995, 25.4155753], [81.6458905, 25.4184215], [81.64559, 25.4405973], [81.659437, 25.4700588], [81.648123, 25.4825182], [81.6371476, 25.4728652], [81.6705107, 25.506082], [81.6995094, 25.5127237], [81.64127, 25.5270325], [81.6419991, 25.5830672], [81.6107094, 25.5979404], [81.6191349, 25.6431693], [81.5965618, 25.6607403], [81.6383669, 25.6664285], [81.6397993, 25.6420644], [81.6277784, 25.6390871], [81.6581522, 25.6084646], [81.6838495, 25.6349742], [81.7249998, 25.6219068], [81.718555, 25.6582067], [81.6923856, 25.6636376], [81.7522971, 25.6697069], [81.7402448, 25.6993521], [81.7633438, 25.7401934], [81.7979309, 25.7499429], [81.8252785, 25.7416181], [81.8200176, 25.7261521], [81.8858661, 25.7118311], [81.9147922, 25.7156358], [81.9287315, 25.7538991], [81.9470413, 25.7400833], [82.0214812, 25.7435368], [82.0451015, 25.7076979], [82.012004, 25.6950206], [82.0626461, 25.6823461], [82.0636464, 25.6551129], [82.1148429, 25.6518217], [82.1270632, 25.6817727], [82.154726, 25.6788813], [82.1455916, 25.6506833], [82.122935, 25.6424027], [82.1787838, 25.5807445], [82.2047666, 25.5729425], [82.2240234, 25.5894182], [82.2512596, 25.5778329], [82.2510132, 25.5607799], [82.3327123, 25.5355565], [82.3355694, 25.501193], [82.2987659, 25.5217786], [82.3157182, 25.500022], [82.2867894, 25.4987978], [82.2827269, 25.4849028], [82.3072182, 25.4833275], [82.3072553, 25.46155], [82.3421921, 25.441495], [82.3490487, 25.4105925], [82.3132292, 25.3882127], [82.3189297, 25.3421181], [82.2991172, 25.3022905], [82.2612322, 25.2923722], [82.2512585, 25.2723465], [82.2221365, 25.2776982], [82.195598, 25.2174233], [82.2098411, 25.1856894], [82.2681697, 25.1828123], [82.2716494, 25.1563738], [82.3023649, 25.1518468], [82.3019056, 25.1072242], [82.3254621, 25.0715577], [82.2958108, 25.0491883], [82.301621, 25.0110997], [82.251161, 24.9518979], [82.2392496, 24.9605123], [82.2258974, 24.9299293], [82.2087103, 24.9371169], [82.1666643, 24.8872432], [82.1511626, 24.8956966], [82.1229747, 24.8648603], [82.1086922, 24.8752171], [82.0919478, 24.8491213], [82.1157225, 24.8536611], [82.1187358, 24.8448277], [82.0801358, 24.831794], [82.0948624, 24.8251758], [82.1065824, 24.804612], [82.0169399, 24.8459801], [81.9652662, 24.8270395], [81.9441741, 24.8412378], [81.9337159, 24.8707042], [81.9028363, 24.8916753], [81.919645, 24.9281249], [81.9012029, 25.0095921], [81.8923338, 24.9888861], [81.8348153, 25.0169721], [81.7922127, 25.0044074], [81.7315077, 25.0486419], [81.6861359, 25.0404086], [81.6665425, 25.075111], [81.6114341, 25.0565015], [81.6003506, 25.0738463], [81.6408635, 25.0984924], [81.6240816, 25.120037], [81.6083167, 25.0960549], [81.5980643, 25.1313357], [81.6233203, 25.1410394], [81.6262105, 25.1604667], [81.5884634, 25.1657697], [81.5956213, 25.1818219], [81.5785742, 25.1908539], [81.5399143, 25.1860789]]]}}, {"type": "Feature", "properties": {"name": "Banda", "facilities": 56, "lat": 25.4439, "lon": 80.5595}, "geometry": {"type": "Polygon", "coordinates": [[[80.1040769, 25.3506831], [80.1411356, 25.3815274], [80.1338136, 25.4011979], [80.1525229, 25.4018411], [80.1179116, 25.4076749], [80.1423189, 25.4586692], [80.1928739, 25.4434036], [80.2030366, 25.4853018], [80.2266265, 25.4727918], [80.211475, 25.4954839], [80.2254114, 25.5096325], [80.2244083, 25.526624], [80.2080146, 25.5293784], [80.2128837, 25.5521232], [80.2548492, 25.5918645], [80.2793701, 25.584034], [80.2938276, 25.6087936], [80.2777765, 25.6253688], [80.31968, 25.6526783], [80.3074237, 25.7005416], [80.3235492, 25.7123072], [80.3507351, 25.7036969], [80.3197956, 25.7511084], [80.2316907, 25.7990748], [80.2853748, 25.8149037], [80.2967918, 25.8461552], [80.3287173, 25.84368], [80.3515129, 25.8709572], [80.3457887, 25.9000304], [80.3668902, 25.9096243], [80.443416, 25.9077853], [80.5512883, 25.8723788], [80.538481, 25.8397906], [80.4657331, 25.823317], [80.5227529, 25.7735437], [80.575697, 25.7799893], [80.5767732, 25.7569222], [80.5548877, 25.7338505], [80.5679903, 25.7185561], [80.7190751, 25.6808193], [80.7759823, 25.6885795], [80.8380349, 25.7262297], [80.8591678, 25.6782884], [80.9453175, 25.6852818], [80.9418475, 25.6345848], [80.9555123, 25.6089149], [81.0215356, 25.6349921], [81.035805, 25.6241776], [81.0296221, 25.5915569], [80.9975394, 25.570046], [81.0204179, 25.5468632], [81.0047644, 25.5356733], [81.0245843, 25.5054076], [80.9784452, 25.4621114], [80.9407763, 25.4682689], [80.8365018, 25.3503554], [80.7702493, 25.3302768], [80.7281424, 25.2786594], [80.7147359, 25.2904708], [80.6918731, 25.2694072], [80.6880688, 25.220575], [80.7112711, 25.2043259], [80.7149901, 25.1621722], [80.6841189, 25.1347536], [80.6950586, 25.1023044], [80.715568, 25.091456], [80.6952643, 25.0820146], [80.717687, 25.0621421], [80.6797369, 25.0484571], [80.6850127, 25.0766073], [80.6617364, 25.0676054], [80.6416593, 25.0920056], [80.6260259, 25.082943], [80.6080422, 25.0987173], [80.6357427, 25.1131574], [80.6345491, 25.1286259], [80.6116129, 25.1277001], [80.6018956, 25.1504299], [80.5949984, 25.1271967], [80.6071867, 25.117905], [80.5922863, 25.0901973], [80.6131362, 25.0656956], [80.5684466, 25.086877], [80.5458002, 25.0644018], [80.5152801, 25.0962581], [80.4806538, 25.0986778], [80.5066275, 25.0839742], [80.5005792, 25.0415312], [80.5460686, 25.0324176], [80.5494757, 25.0024662], [80.4993023, 25.0062146], [80.4786561, 24.9739532], [80.4561447, 24.981636], [80.4628546, 25.0025334], [80.4370255, 24.9945229], [80.4548724, 25.0057291], [80.4330916, 25.0237355], [80.4544499, 25.042223], [80.4743532, 25.0305295], [80.5018766, 25.0372488], [80.475147, 25.0379405], [80.4496459, 25.0784932], [80.4161061, 25.0731755], [80.4087169, 25.0552533], [80.4006231, 25.0695725], [80.3880037, 25.0509144], [80.3736589, 25.0559116], [80.3964404, 25.0119462], [80.3873155, 25.0043144], [80.3629491, 25.0235972], [80.330993, 24.9921999], [80.273623, 25.0259732], [80.2905377, 25.0595389], [80.3113977, 25.0442343], [80.3553346, 25.0556349], [80.3484302, 25.0866521], [80.3760823, 25.1163592], [80.3545575, 25.1383575], [80.4316754, 25.1767957], [80.4033438, 25.2440343], [80.3835765, 25.237289], [80.3514265, 25.2771574], [80.3107999, 25.286407], [80.3204045, 25.3671586], [80.2995349, 25.4065299], [80.2638382, 25.4240195], [80.2534192, 25.4008344], [80.2208209, 25.3967435], [80.2023719, 25.4140365], [80.1949315, 25.3781577], [80.1689618, 25.3768589], [80.1310969, 25.3342301], [80.1040769, 25.3506831]]]}}, {"type": "Feature", "properties": {"name": "Kaushambi", "facilities": 31, "lat": 25.5342, "lon": 81.4494}, "geometry": {"type": "Polygon", "coordinates": [[[81.1490764, 25.398931], [81.1530558, 25.42912], [81.1970892, 25.4503401], [81.2213327, 25.43836], [81.2348077, 25.4849203], [81.2697901, 25.5048651], [81.247804, 25.5153254], [81.2604423, 25.5479654], [81.2383091, 25.5859971], [81.2072573, 25.5977808], [81.215222, 25.6708679], [81.2377677, 25.6776635], [81.2041978, 25.6842485], [81.1984512, 25.7203975], [81.2265214, 25.7149598], [81.2469537, 25.7615082], [81.2623192, 25.7530957], [81.3086054, 25.770132], [81.3383733, 25.8107027], [81.3613878, 25.77587], [81.4019457, 25.7604991], [81.3962385, 25.7342071], [81.36869, 25.7119693], [81.3738174, 25.6948849], [81.4227276, 25.6735407], [81.4646807, 25.6223573], [81.522792, 25.622045], [81.5652978, 25.5724077], [81.6107094, 25.5979404], [81.6371818, 25.5905741], [81.6416083, 25.5265494], [81.6995094, 25.5127237], [81.6705107, 25.506082], [81.6371476, 25.4728652], [81.648123, 25.4825182], [81.659437, 25.4700588], [81.64559, 25.4405973], [81.6458905, 25.4184215], [81.6638995, 25.4155753], [81.6584433, 25.3813821], [81.674602, 25.3728109], [81.6941933, 25.394107], [81.7133553, 25.3897457], [81.6979492, 25.3574237], [81.6286667, 25.3507253], [81.5281235, 25.278193], [81.4558868, 25.2583565], [81.3848745, 25.2760362], [81.4021453, 25.3132836], [81.3864586, 25.3349166], [81.3307312, 25.3488555], [81.266031, 25.3255136], [81.2426875, 25.3587413], [81.1749686, 25.3763255], [81.1490764, 25.398931]]]}}, {"type": "Feature", "properties": {"name": "Mahoba", "facilities": 31, "lat": 25.3616, "lon": 79.706}, "geometry": {"type": "MultiPolygon", "coordinates": [[[[79.3491983, 25.0624986], [79.3798061, 25.0647923], [79.3796912, 25.1012223], [79.3502348, 25.1189614], [79.3581988, 25.1432888], [79.3727922, 25.1433426], [79.3638166, 25.1256457], [79.3808952, 25.122433], [79.3871906, 25.0856966], [79.4259113, 25.0585889], [79.4238583, 25.0450016], [79.3949582, 25.0321199], [79.3678049, 25.054369], [79.3598046, 25.0392768], [79.3491983, 25.0624986]]], [[[79.3653783, 25.1711132], [79.3595206, 25.188553], [79.3725559, 25.1800159], [79.3653783, 25.1711132]]], [[[79.2794538, 25.3296946], [79.2989615, 25.3774726], [79.3403499, 25.4021952], [79.3328256, 25.4335846], [79.3668025, 25.4600799], [79.3620222, 25.4850075], [79.3906898, 25.5242571], [79.4830666, 25.4905782], [79.5227753, 25.4967005], [79.5282771, 25.4824056], [79.5596688, 25.4915807], [79.5688409, 25.4766178], [79.5952484, 25.4987144], [79.6156101, 25.4815118], [79.6399709, 25.484955], [79.6423304, 25.5089122], [79.6660462, 25.5100426], [79.6580035, 25.5515073], [79.6993969, 25.5503554], [79.7099998, 25.5932764], [79.7473635, 25.5740948], [79.7846476, 25.5872781], [79.7989599, 25.6247826], [79.8448259, 25.6090292], [79.8411875, 25.5933584], [79.8685287, 25.5777119], [79.8914059, 25.5793134], [79.909168, 25.5970698], [79.9451791, 25.5890798], [79.9538795, 25.643217], [80.0033598, 25.6166921], [80.0092562, 25.5937914], [80.0759378, 25.5874405], [80.0880394, 25.5462568], [80.1470954, 25.5350937], [80.1512933, 25.5086307], [80.1860755, 25.506454], [80.1950286, 25.5207193], [80.2254114, 25.5096325], [80.211475, 25.4954839], [80.2266265, 25.4727918], [80.2030366, 25.4853018], [80.1928739, 25.4434036], [80.1418788, 25.4580892], [80.1173897, 25.4105905], [80.1522258, 25.4068105], [80.1331477, 25.4003449], [80.1390934, 25.3793159], [80.0726699, 25.336947], [80.0274244, 25.3366531], [80.0222127, 25.2976162], [79.9989434, 25.2859729], [80.005115, 25.2657102], [79.9483304, 25.2686624], [79.9175548, 25.2268252], [79.9074883, 25.2508899], [79.8513785, 25.235559], [79.8685893, 25.2164906], [79.8560198, 25.1940523], [79.8664555, 25.1498208], [79.8815301, 25.142047], [79.8516169, 25.1285494], [79.8616903, 25.0967382], [79.8512368, 25.0942002], [79.7484993, 25.1393513], [79.6833575, 25.1351547], [79.6732217, 25.1203581], [79.6227063, 25.1406098], [79.6011388, 25.1274868], [79.6069858, 25.1527686], [79.5956862, 25.1433677], [79.5693587, 25.171802], [79.5179475, 25.1270349], [79.5248946, 25.0969731], [79.4915042, 25.0796542], [79.4650246, 25.0880456], [79.4772405, 25.1274512], [79.4389206, 25.1012212], [79.4391973, 25.1278022], [79.4212965, 25.1354325], [79.426134, 25.1190553], [79.4057395, 25.1063594], [79.3839454, 25.1427066], [79.3899041, 25.1701085], [79.4116319, 25.1826977], [79.4120788, 25.2003189], [79.4403707, 25.1988195], [79.4488341, 25.2150736], [79.4326569, 25.2206371], [79.4624623, 25.2646665], [79.494459, 25.2669057], [79.467219, 25.283297], [79.4374528, 25.254877], [79.4088129, 25.2560911], [79.4076139, 25.2739159], [79.3685921, 25.2924564], [79.3628991, 25.2616964], [79.3583098, 25.2842368], [79.3361473, 25.2880963], [79.3522311, 25.3298822], [79.2794538, 25.3296946]]]]}}, {"type": "Feature", "properties": {"name": "Pratapgarh", "facilities": 230, "lat": 25.8767, "lon": 81.8318}, "geometry": {"type": "Polygon", "coordinates": [[[81.3383733, 25.8107027], [81.3522777, 25.8360497], [81.3249699, 25.8573021], [81.3325582, 25.8699745], [81.3690057, 25.8666359], [81.3711949, 25.8966608], [81.3822032, 25.8845912], [81.4053336, 25.8918146], [81.4261493, 25.9181773], [81.4492707, 25.9202482], [81.4433969, 25.9396506], [81.4501089, 25.9276095], [81.4839866, 25.9312937], [81.5121501, 25.960009], [81.5920379, 25.969397], [81.5601042, 25.9962645], [81.5667741, 26.0266516], [81.5388068, 26.0249767], [81.532644, 26.0615336], [81.5671258, 26.0731819], [81.5350352, 26.1034529], [81.5689747, 26.1463669], [81.6120469, 26.1544962], [81.6182962, 26.180688], [81.6597028, 26.1173411], [81.682128, 26.115574], [81.6869965, 26.0761952], [81.7164081, 26.065971], [81.7270758, 26.0938774], [81.7690106, 26.0673524], [81.7842414, 26.0281311], [81.802869, 26.0472841], [81.859284, 26.0469256], [81.8849124, 26.0815131], [81.9300473, 26.0517741], [81.9368398, 26.0751348], [82.0617108, 26.0526511], [82.099101, 26.077385], [82.1840012, 26.0400398], [82.1981348, 26.0166539], [82.2428384, 26.0565056], [82.3189754, 26.0391783], [82.3465276, 26.0175686], [82.3430998, 26.0039697], [82.3793695, 26.0326813], [82.397799, 26.011346], [82.4339329, 26.0066602], [82.425245, 26.0005076], [82.434385, 25.9852005], [82.4295219, 25.9770735], [82.368896, 25.9823238], [82.3445711, 25.9579654], [82.3908285, 25.933161], [82.3933259, 25.909392], [82.3453858, 25.9150502], [82.2956932, 25.8922511], [82.2796543, 25.842799], [82.2181394, 25.8403332], [82.2079949, 25.820741], [82.1785874, 25.8264239], [82.1841263, 25.8016868], [82.169751, 25.7904257], [82.1980871, 25.7667761], [82.1877282, 25.7078826], [82.1700162, 25.704274], [82.16283, 25.680125], [82.1270632, 25.6817727], [82.1260371, 25.6578565], [82.1105856, 25.6509683], [82.0636464, 25.6551129], [82.0626461, 25.6823461], [82.0123431, 25.6946553], [82.0451015, 25.7076979], [82.0209479, 25.7437169], [81.9470413, 25.7400833], [81.9287315, 25.7538991], [81.9147922, 25.7156358], [81.8855323, 25.7118311], [81.8200176, 25.7261521], [81.8252785, 25.7416181], [81.7883708, 25.7501136], [81.7523953, 25.7341272], [81.7402448, 25.6993521], [81.7522971, 25.6697069], [81.6923856, 25.6636376], [81.718555, 25.6582067], [81.7252387, 25.6220513], [81.6838495, 25.6349742], [81.6581522, 25.6084646], [81.6277784, 25.6390871], [81.6397993, 25.6420644], [81.6383669, 25.6664285], [81.6067637, 25.6684506], [81.5964675, 25.6591679], [81.6203356, 25.628504], [81.604106, 25.6121987], [81.6107094, 25.5979404], [81.5652978, 25.5724077], [81.5250187, 25.6207014], [81.4688811, 25.6199127], [81.4227276, 25.6735407], [81.3746395, 25.693928], [81.36869, 25.7119693], [81.3962385, 25.7342071], [81.4019457, 25.7604991], [81.3613878, 25.77587], [81.3383733, 25.8107027]]]}}, {"type": "Feature", "properties": {"name": "Sultanpur", "facilities": 38, "lat": 26.2605, "lon": 82.2381}, "geometry": {"type": "Polygon", "coordinates": [[[81.7356251, 26.535304], [81.7166301, 26.535155], [81.730964, 26.5460706], [81.7621095, 26.5469802], [81.7978975, 26.5284654], [81.8098158, 26.5401551], [81.8464794, 26.5121607], [81.8797773, 26.5376204], [81.8987155, 26.5291028], [81.8963788, 26.5079966], [81.9733639, 26.5146571], [82.0077554, 26.4794055], [82.0180601, 26.4961337], [82.0382494, 26.4865667], [82.0459152, 26.4677886], [82.0959139, 26.4785032], [82.1206168, 26.4585096], [82.1256255, 26.4708028], [82.125801, 26.4498856], [82.1535395, 26.4471887], [82.1462131, 26.4361017], [82.1864884, 26.4216716], [82.1858857, 26.4098209], [82.2475307, 26.3918238], [82.2658404, 26.4038665], [82.2802321, 26.3901594], [82.3013199, 26.4056197], [82.3154039, 26.3793055], [82.3777981, 26.3796571], [82.400365, 26.356319], [82.4009794, 26.3259098], [82.4173678, 26.3193587], [82.4016398, 26.2905227], [82.4357966, 26.3077178], [82.4547403, 26.2816922], [82.549559, 26.2883924], [82.5789493, 26.2568681], [82.6053899, 26.2644155], [82.6335423, 26.2422879], [82.6788109, 26.2568251], [82.6713529, 26.2286967], [82.6890128, 26.208717], [82.6923958, 26.1563364], [82.6376968, 26.1609056], [82.6488779, 26.1742164], [82.6229888, 26.1710545], [82.5960191, 26.201144], [82.5972602, 26.1811825], [82.5793626, 26.1863142], [82.5733191, 26.1490018], [82.5599603, 26.1458525], [82.566969, 26.1311157], [82.5306388, 26.1463716], [82.4436201, 26.1324273], [82.435198, 26.0980188], [82.4762298, 26.0697665], [82.457668, 26.0447711], [82.5173971, 26.0300436], [82.5022551, 26.0165017], [82.520272, 26.0040842], [82.4910559, 25.9738964], [82.4763013, 25.9996637], [82.397799, 26.011346], [82.3793695, 26.0326813], [82.3455022, 26.0035234], [82.3189754, 26.0391783], [82.2428384, 26.0565056], [82.1994841, 26.016599], [82.1840012, 26.0400398], [82.1078879, 26.0753643], [82.0547205, 26.0527075], [82.0487851, 26.0664606], [82.0704825, 26.0912627], [82.0451035, 26.1071758], [82.0494197, 26.1495996], [81.9893517, 26.1847346], [81.9655676, 26.2202894], [81.9251986, 26.2236684], [81.9054784, 26.2598488], [81.8520628, 26.2841029], [81.8386196, 26.3207453], [81.8086963, 26.3318861], [81.8616472, 26.348847], [81.8776973, 26.4001234], [81.8660002, 26.4112835], [81.8474194, 26.3997687], [81.8461001, 26.4248059], [81.8216749, 26.4253179], [81.7890336, 26.4670189], [81.7658543, 26.4658116], [81.7658348, 26.486839], [81.7447037, 26.49203], [81.7623212, 26.5100565], [81.7378116, 26.5085954], [81.7356251, 26.535304]]]}}, {"type": "Feature", "properties": {"name": "Ambedkar Nagar", "facilities": 48, "lat": 26.4046, "lon": 82.6065}, "geometry": {"type": "Polygon", "coordinates": [[[82.2200111, 26.4099488], [82.2535175, 26.4215976], [82.2849213, 26.4850463], [82.3154522, 26.509369], [82.3095787, 26.5265603], [82.3361095, 26.5784853], [82.3753631, 26.572597], [82.3661804, 26.553336], [82.390626, 26.5416473], [82.4481759, 26.5582953], [82.4652968, 26.5828983], [82.4529095, 26.6051626], [82.4759517, 26.6105951], [82.4730354, 26.6525251], [82.5771135, 26.6042866], [82.6628923, 26.6044297], [82.7122024, 26.5546184], [82.8390426, 26.5628936], [82.8995231, 26.5144014], [83.0194927, 26.4744936], [83.0860878, 26.3918197], [83.1321726, 26.3854302], [83.1117281, 26.3527967], [83.1089627, 26.2835], [83.074887, 26.2910287], [83.0644994, 26.2795076], [83.0348375, 26.3001659], [83.0220112, 26.3379803], [82.9722328, 26.3465238], [82.9737666, 26.3832579], [82.9366029, 26.3821414], [82.93549, 26.4098917], [82.9139401, 26.4107567], [82.9180886, 26.3937328], [82.8818886, 26.3826238], [82.8700499, 26.3568506], [82.8962819, 26.3444791], [82.8605519, 26.3192165], [82.8859295, 26.2457302], [82.8561338, 26.2045503], [82.8891946, 26.1789575], [82.8662057, 26.1566454], [82.8214746, 26.1869182], [82.7748641, 26.1938974], [82.7467802, 26.2263657], [82.7487425, 26.264726], [82.7310665, 26.242254], [82.6893124, 26.2675256], [82.6335423, 26.2422879], [82.6053899, 26.2644155], [82.5789493, 26.2568681], [82.549559, 26.2883924], [82.510684, 26.2934257], [82.4723088, 26.276996], [82.4357966, 26.3077178], [82.4050651, 26.2893987], [82.3983769, 26.300776], [82.4173678, 26.3193587], [82.4009794, 26.3259098], [82.3840223, 26.3758802], [82.3154039, 26.3793055], [82.3013199, 26.4056197], [82.2475307, 26.3918238], [82.2200111, 26.4099488]]]}}, {"type": "Feature", "properties": {"name": "Azamgarh", "facilities": 112, "lat": 26.0236, "lon": 83.0293}, "geometry": {"type": "Polygon", "coordinates": [[[82.6786503, 26.256094], [82.7048369, 26.2643391], [82.7310665, 26.242254], [82.7494436, 26.2643837], [82.7467802, 26.2263657], [82.7748641, 26.1938974], [82.8214746, 26.1869182], [82.8662057, 26.1566454], [82.8891946, 26.1789575], [82.8561338, 26.2045503], [82.8859295, 26.2457302], [82.8605519, 26.3192165], [82.8969032, 26.3456343], [82.8700499, 26.3568506], [82.8818886, 26.3826238], [82.9174219, 26.3930967], [82.9111718, 26.4051208], [82.9254173, 26.4117595], [82.9366029, 26.3821414], [82.9737666, 26.3832579], [82.9722328, 26.3465238], [83.0220112, 26.3379803], [83.0348375, 26.3001659], [83.0640538, 26.2796157], [83.074887, 26.2910287], [83.1089627, 26.2835], [83.1134958, 26.3580589], [83.1321726, 26.3854302], [83.1829413, 26.397599], [83.2283799, 26.3947845], [83.3014875, 26.3498895], [83.3371319, 26.3503547], [83.4179009, 26.2740988], [83.4178545, 26.2842024], [83.4682939, 26.2795393], [83.4509715, 26.2232819], [83.4087547, 26.1676026], [83.4189462, 26.110672], [83.3594047, 26.068891], [83.3719227, 26.0569632], [83.3196503, 26.0493599], [83.3311376, 26.0312652], [83.2954938, 25.9461148], [83.3410342, 25.9529892], [83.3749633, 25.9352647], [83.3548852, 25.9152312], [83.3392242, 25.9247497], [83.3474513, 25.9016976], [83.3170287, 25.8897868], [83.3154013, 25.8394412], [83.3277182, 25.8439762], [83.3534078, 25.8281191], [83.3544522, 25.8201109], [83.323069, 25.8143936], [83.3031233, 25.7555073], [83.283226, 25.7564537], [83.2749492, 25.7764129], [83.2186089, 25.7591166], [83.2181031, 25.7688567], [83.1935902, 25.7785332], [83.1890075, 25.7663539], [83.2169617, 25.7623763], [83.2138883, 25.7313352], [83.2415312, 25.7086408], [83.1939002, 25.7021267], [83.1870124, 25.6768416], [83.1487426, 25.657179], [83.1480165, 25.6358579], [83.1206567, 25.6545991], [83.0662398, 25.6523713], [83.0789958, 25.6825431], [83.0089485, 25.7150452], [82.9986171, 25.6843495], [82.9819721, 25.6801652], [82.9417981, 25.7082892], [82.9214883, 25.73776], [82.9293854, 25.7572823], [82.8992062, 25.7749057], [82.82539, 25.7696999], [82.8085818, 25.8060038], [82.7544936, 25.83687], [82.7727495, 25.8963188], [82.7258715, 25.99154], [82.7311801, 26.0254788], [82.7030623, 26.0245718], [82.721885, 26.0355641], [82.6985613, 26.0400703], [82.7124943, 26.0505224], [82.6970299, 26.0671606], [82.7065765, 26.094919], [82.6835292, 26.0989708], [82.6674743, 26.1233641], [82.6655481, 26.1428247], [82.6923958, 26.1563364], [82.6890128, 26.208717], [82.6713529, 26.2286967], [82.6786503, 26.256094]]]}}, {"type": "Feature", "properties": {"name": "Ballia", "facilities": 51, "lat": 25.875, "lon": 84.121}, "geometry": {"type": "Polygon", "coordinates": [[[83.6759739, 26.020294], [83.681219, 26.0735786], [83.7081138, 26.0940596], [83.739466, 26.0825388], [83.7945739, 26.1071257], [83.8050703, 26.1336862], [83.7787875, 26.1625591], [83.8084197, 26.1904736], [83.8427182, 26.192127], [83.9121886, 26.1202444], [83.9633285, 26.1318394], [84.0522162, 26.0894695], [84.0712881, 26.1022671], [84.1096009, 26.0887858], [84.1725198, 26.0247146], [84.1694391, 25.9881558], [84.2060423, 25.9998064], [84.2960787, 25.9455036], [84.3536067, 25.9585656], [84.4115638, 25.9305298], [84.4263696, 25.8907318], [84.5335936, 25.8758475], [84.5423698, 25.8600925], [84.5231652, 25.8603435], [84.5297742, 25.8319753], [84.5548367, 25.8394494], [84.6243381, 25.7924532], [84.6229219, 25.7719337], [84.6036315, 25.7614986], [84.6345091, 25.7283902], [84.5606088, 25.7373979], [84.5576048, 25.6803445], [84.5351815, 25.6916955], [84.539237, 25.7267085], [84.52883, 25.6829745], [84.498918, 25.6756259], [84.4532347, 25.7140269], [84.42976, 25.7117069], [84.4265628, 25.6928363], [84.4068002, 25.6981923], [84.3891066, 25.7459677], [84.3749278, 25.7347488], [84.3366949, 25.7442861], [84.3244901, 25.671064], [84.2864011, 25.676767], [84.2997587, 25.6641124], [84.2785263, 25.6594767], [84.2051839, 25.6703076], [84.1987896, 25.702446], [84.1547155, 25.7297627], [84.1499305, 25.7192079], [84.1298461, 25.7174101], [84.139266, 25.7316184], [84.0747857, 25.6956787], [84.0805149, 25.6372512], [83.9300336, 25.5578593], [83.9307903, 25.5882443], [83.9432942, 25.591394], [83.9206649, 25.6345824], [83.9625753, 25.687117], [83.9361816, 25.7083476], [83.9605731, 25.7293404], [83.9495733, 25.7567516], [83.9251964, 25.7676572], [83.912321, 25.7493415], [83.9159132, 25.7610977], [83.8826394, 25.7644115], [83.8544077, 25.7981561], [83.8149365, 25.7777676], [83.7997858, 25.8122329], [83.7509026, 25.8341429], [83.748271, 25.8556976], [83.7352082, 25.8411096], [83.7379489, 25.8836833], [83.8070918, 25.9156789], [83.7810512, 25.933294], [83.7882866, 25.9768372], [83.7656868, 25.9743484], [83.7760089, 26.0000865], [83.6894182, 26.0043673], [83.6759739, 26.020294]]]}}, {"type": "Feature", "properties": {"name": "Deoria", "facilities": 65, "lat": 26.424, "lon": 83.7639}, "geometry": {"type": "Polygon", "coordinates": [[[83.493173, 26.4917585], [83.5398232, 26.5015967], [83.5462365, 26.4892261], [83.5535694, 26.5124116], [83.6005497, 26.5151938], [83.6318249, 26.5846299], [83.6163681, 26.6171128], [83.6335544, 26.6236653], [83.6268218, 26.6613064], [83.6545111, 26.6602926], [83.6800508, 26.7020457], [83.698358, 26.6994156], [83.6937409, 26.6828743], [83.7232073, 26.6983988], [83.7479457, 26.692301], [83.7991851, 26.7151314], [83.8091298, 26.7503232], [83.868201, 26.7502468], [83.9058387, 26.6908294], [83.9612169, 26.670355], [83.9618998, 26.6301009], [83.9933411, 26.594274], [84.0560383, 26.5490019], [84.0090403, 26.5216093], [83.976611, 26.5335465], [83.9734752, 26.5075446], [83.9406564, 26.5247288], [83.9079545, 26.5190823], [83.9079561, 26.4474055], [83.9905805, 26.4325798], [84.0194981, 26.4470374], [84.0345499, 26.4117152], [84.0803802, 26.382152], [84.1755531, 26.3727944], [84.1859186, 26.3134178], [84.1760118, 26.2645086], [84.164609, 26.2419119], [84.1206578, 26.2587167], [84.0856647, 26.2203582], [84.012431, 26.2334513], [84.0304931, 26.219278], [84.0081982, 26.1794657], [84.0502337, 26.130533], [84.0529459, 26.0895736], [83.9633285, 26.1318394], [83.9121886, 26.1202444], [83.8756138, 26.1479029], [83.8625095, 26.1832337], [83.8005352, 26.19376], [83.7896561, 26.2308856], [83.7423849, 26.2652478], [83.6313942, 26.2249078], [83.6382747, 26.2729839], [83.671043, 26.2871749], [83.6663811, 26.3127919], [83.6184902, 26.3010279], [83.6381707, 26.3291702], [83.6221748, 26.3219276], [83.5995583, 26.3487683], [83.6112919, 26.3700304], [83.5833591, 26.3623529], [83.583266, 26.3983163], [83.5471797, 26.3920553], [83.5689402, 26.375282], [83.5553511, 26.3778349], [83.5448849, 26.3555491], [83.5328938, 26.3854399], [83.5105924, 26.3845257], [83.524026, 26.4015721], [83.4887883, 26.3918787], [83.5057033, 26.4174524], [83.4767505, 26.4587777], [83.4937713, 26.4626817], [83.493173, 26.4917585]]]}}, {"type": "Feature", "properties": {"name": "Ghazipur", "facilities": 67, "lat": 25.6035, "lon": 83.5076}, "geometry": {"type": "Polygon", "coordinates": [[[83.0662398, 25.6523713], [83.1206567, 25.6545991], [83.1486638, 25.6359796], [83.1487426, 25.657179], [83.1870124, 25.6768416], [83.1939002, 25.7021267], [83.2403188, 25.7068275], [83.2138883, 25.7313352], [83.2169617, 25.7623763], [83.1890075, 25.7663539], [83.1939043, 25.7787046], [83.2181031, 25.7688567], [83.2186089, 25.7591166], [83.2749492, 25.7764129], [83.283226, 25.7564537], [83.3031233, 25.7555073], [83.323069, 25.8143936], [83.3626178, 25.811078], [83.3716205, 25.7972433], [83.4000803, 25.8402193], [83.4613678, 25.8510544], [83.4814799, 25.8396451], [83.4971508, 25.8639456], [83.5958659, 25.8844152], [83.6305585, 25.8693589], [83.6423455, 25.9000184], [83.701061, 25.8637022], [83.7247193, 25.8687739], [83.7171409, 25.8564659], [83.7355923, 25.8408067], [83.746954, 25.8567105], [83.7509026, 25.8341429], [83.7997858, 25.8122329], [83.8149365, 25.7777676], [83.8544077, 25.7981561], [83.8826394, 25.7644115], [83.9159132, 25.7610977], [83.912321, 25.7493415], [83.9392755, 25.7642035], [83.9605732, 25.729408], [83.9361816, 25.7083476], [83.9620504, 25.684504], [83.9206649, 25.6345824], [83.9432942, 25.591394], [83.9307903, 25.5882443], [83.9300336, 25.5578593], [83.8983821, 25.521298], [83.8758945, 25.517735], [83.8558165, 25.4683554], [83.8148869, 25.4599511], [83.8129404, 25.448843], [83.8468493, 25.4356471], [83.8013407, 25.4304375], [83.8072819, 25.4096834], [83.7723847, 25.3868176], [83.7420241, 25.4105321], [83.7109076, 25.3852233], [83.7024996, 25.3967697], [83.6821925, 25.3795177], [83.694124, 25.369439], [83.6640215, 25.372898], [83.6487222, 25.3389257], [83.5972667, 25.3284529], [83.5730624, 25.3065346], [83.5299461, 25.3230922], [83.5464685, 25.3454892], [83.5226577, 25.3798226], [83.5309009, 25.3923149], [83.403866, 25.4939847], [83.3357552, 25.463602], [83.2443222, 25.5239869], [83.1992174, 25.5352687], [83.1542171, 25.5199839], [83.1646553, 25.5063932], [83.1025546, 25.5273916], [83.1167386, 25.5004377], [83.0839659, 25.4962481], [83.0641465, 25.5286804], [83.0901201, 25.5735931], [83.0666063, 25.5953222], [83.0769358, 25.6156092], [83.0662398, 25.6523713]]]}}, {"type": "Feature", "properties": {"name": "Gorakhpur", "facilities": 82, "lat": 26.6678, "lon": 83.3642}, "geometry": {"type": "Polygon", "coordinates": [[[83.0677616, 26.4081479], [83.0965053, 26.4330205], [83.0835857, 26.4660108], [83.095118, 26.4862133], [83.1669549, 26.5067565], [83.188217, 26.487931], [83.2046815, 26.5244849], [83.1547597, 26.5393602], [83.1372852, 26.594437], [83.1094551, 26.6013547], [83.1347385, 26.6349122], [83.1325256, 26.6580085], [83.1010895, 26.658593], [83.1162909, 26.6845659], [83.0827215, 26.7020015], [83.0929556, 26.7218511], [83.1080581, 26.7112714], [83.1074129, 26.7245251], [83.133555, 26.7256045], [83.1443376, 26.7436949], [83.1348157, 26.7769937], [83.1062699, 26.7680126], [83.1145537, 26.7816236], [83.0973572, 26.8067478], [83.1199871, 26.8198506], [83.1298826, 26.8770662], [83.1385897, 26.8901386], [83.1528077, 26.8722351], [83.2166402, 26.8820862], [83.2032031, 26.9101716], [83.2210598, 26.9132969], [83.2067647, 26.935246], [83.2265925, 26.9366004], [83.1928293, 26.9446982], [83.2084837, 26.9518467], [83.1943021, 26.9654913], [83.2258692, 26.9780984], [83.2139555, 27.0148482], [83.1408698, 27.0047445], [83.150459, 27.0411811], [83.1306861, 27.0498007], [83.1493982, 27.0534791], [83.1194634, 27.1141495], [83.2233763, 27.090206], [83.236752, 27.0625544], [83.270584, 27.0780634], [83.2697921, 27.0300094], [83.2979921, 27.0414939], [83.2939899, 27.061063], [83.3133321, 27.0873168], [83.336419, 27.0816303], [83.3607253, 27.1001766], [83.4074566, 27.0881344], [83.3621786, 27.0474349], [83.367356, 27.0235777], [83.3540938, 27.0262433], [83.3513027, 27.0005079], [83.3228304, 26.9892564], [83.3240587, 26.9685488], [83.3435232, 26.951637], [83.4378855, 26.9581247], [83.4309554, 26.9456775], [83.4734593, 26.9424955], [83.495169, 26.8983683], [83.5461343, 26.8885475], [83.5244069, 26.8526509], [83.5848866, 26.8076327], [83.5956534, 26.7899908], [83.5865472, 26.760354], [83.6221181, 26.7543844], [83.6100259, 26.7394162], [83.6320193, 26.6470415], [83.6335544, 26.6236653], [83.6163681, 26.6171128], [83.628055, 26.5700176], [83.6133759, 26.5668356], [83.5999629, 26.5147785], [83.5535694, 26.5124116], [83.5462365, 26.4892261], [83.5398232, 26.5015967], [83.493173, 26.4917585], [83.4937713, 26.4626817], [83.4767505, 26.4587777], [83.5057033, 26.4174524], [83.4871213, 26.3937394], [83.524026, 26.4015721], [83.5105924, 26.3845257], [83.5328938, 26.3854399], [83.5448849, 26.3555491], [83.5553511, 26.3778349], [83.5689402, 26.375282], [83.5471797, 26.3920553], [83.583266, 26.3983163], [83.5833591, 26.3623529], [83.6112919, 26.3700304], [83.5995583, 26.3487683], [83.6221748, 26.3219276], [83.6381707, 26.3291702], [83.6184902, 26.3010279], [83.6596777, 26.3181055], [83.671043, 26.2871749], [83.6382747, 26.2729839], [83.6296076, 26.2187521], [83.6083509, 26.2325745], [83.616096, 26.2473689], [83.5326709, 26.2752337], [83.4178545, 26.2842024], [83.4179009, 26.2740988], [83.3392312, 26.3490961], [83.3014875, 26.3498895], [83.2283799, 26.3947845], [83.1321726, 26.3854302], [83.0677616, 26.4081479]]]}}, {"type": "Feature", "properties": {"name": "Mau", "facilities": 43, "lat": 26.0391, "lon": 83.4986}, "geometry": {"type": "Polygon", "coordinates": [[[83.315636, 25.8390981], [83.3190985, 25.8950542], [83.3513504, 25.9079902], [83.3392242, 25.9247497], [83.3548852, 25.9152312], [83.375323, 25.9276314], [83.3410342, 25.9529892], [83.2954938, 25.9461148], [83.3311376, 26.0312652], [83.3196503, 26.0493599], [83.3719227, 26.0569632], [83.3594047, 26.068891], [83.4189462, 26.110672], [83.4087547, 26.1676026], [83.4509715, 26.2232819], [83.4682939, 26.2795393], [83.616096, 26.2473689], [83.6083509, 26.2325745], [83.6296076, 26.2187521], [83.7423849, 26.2652478], [83.7896561, 26.2308856], [83.8108323, 26.1844065], [83.7782637, 26.1610333], [83.8040033, 26.1370614], [83.7952482, 26.1079339], [83.739466, 26.0825388], [83.7049791, 26.0927707], [83.681219, 26.0735786], [83.6759739, 26.020294], [83.6894182, 26.0043673], [83.7760089, 26.0000865], [83.7656868, 25.9743484], [83.7880467, 25.9774459], [83.7810512, 25.933294], [83.8008676, 25.9295356], [83.7975495, 25.9024673], [83.7572872, 25.8964267], [83.7201204, 25.8553981], [83.7235665, 25.8694567], [83.701061, 25.8637022], [83.64283, 25.9000409], [83.6305585, 25.8693589], [83.5958659, 25.8844152], [83.4971508, 25.8639456], [83.4814799, 25.8396451], [83.4243969, 25.8482667], [83.4000803, 25.8402193], [83.3716205, 25.7972433], [83.3457495, 25.8147125], [83.3534078, 25.8281191], [83.315636, 25.8390981]]]}}, {"type": "Feature", "properties": {"name": "Sant Kabir Nagar", "facilities": 32, "lat": 26.7551, "lon": 83.0399}, "geometry": {"type": "Polygon", "coordinates": [[[82.8193737, 26.5686981], [82.8332488, 26.6115805], [82.894548, 26.6101954], [82.9076033, 26.6360016], [82.9339116, 26.6178292], [82.9167294, 26.6557335], [82.9423211, 26.6776465], [82.9695078, 26.6721346], [82.9776219, 26.7077749], [82.962268, 26.7426818], [82.9375258, 26.7642372], [82.918904, 26.7608462], [82.9315163, 26.7908194], [82.8867884, 26.7789031], [82.8820151, 26.8302663], [82.8255789, 26.8398652], [82.8465619, 26.876008], [82.8726833, 26.8786778], [82.8548306, 26.8985589], [82.8718972, 26.9153336], [82.8509898, 26.9249388], [82.8822182, 26.9422329], [82.8838033, 26.9305859], [82.9301822, 26.9224936], [82.9056715, 26.9434255], [82.9107108, 27.0208716], [82.9628346, 27.0281636], [82.9706019, 27.0488664], [82.9857468, 27.0339641], [83.0346331, 27.0394833], [83.0212699, 27.0658724], [83.0565825, 27.0851826], [83.0462536, 27.0941944], [83.1238054, 27.1009927], [83.1493982, 27.0534791], [83.1306861, 27.0498007], [83.150459, 27.0411811], [83.1408698, 27.0047445], [83.1572294, 27.0027354], [83.1594062, 27.017015], [83.1687734, 26.9994552], [83.2068125, 27.0176442], [83.2257465, 26.9817897], [83.1943021, 26.9654913], [83.2084837, 26.9518467], [83.1940087, 26.942074], [83.2117801, 26.9494485], [83.2265925, 26.9366004], [83.2067647, 26.935246], [83.2210598, 26.9132969], [83.2032031, 26.9101716], [83.2166402, 26.8820862], [83.1528077, 26.8722351], [83.1385897, 26.8901386], [83.1298826, 26.8770662], [83.1199871, 26.8198506], [83.0973572, 26.8067478], [83.1145537, 26.7816236], [83.1062699, 26.7680126], [83.1348157, 26.7769937], [83.1443376, 26.7436949], [83.133555, 26.7256045], [83.1074129, 26.7245251], [83.1080581, 26.7112714], [83.0929556, 26.7218511], [83.0827214, 26.702367], [83.1162909, 26.6845659], [83.1010895, 26.658593], [83.1325256, 26.6580085], [83.1347385, 26.6349122], [83.1094551, 26.6013547], [83.1372852, 26.594437], [83.1547597, 26.5393602], [83.2045716, 26.5252522], [83.1930588, 26.4919001], [83.1669549, 26.5067565], [83.095118, 26.4862133], [83.0835857, 26.4660108], [83.0965053, 26.4330205], [83.0677616, 26.4081479], [83.0194927, 26.4744936], [82.8995231, 26.5144014], [82.8193737, 26.5686981]]]}}, {"type": "Feature", "properties": {"name": "Chandauli", "facilities": 60, "lat": 25.1257, "lon": 83.2495}, "geometry": {"type": "Polygon", "coordinates": [[[83.0302599, 25.2436123], [83.0674392, 25.2479556], [83.0336991, 25.2899211], [83.0091232, 25.2958257], [83.0206454, 25.3148771], [83.0596526, 25.3302457], [83.1386857, 25.3202982], [83.1708867, 25.3516882], [83.1877294, 25.4173178], [83.1252391, 25.4487697], [83.1913663, 25.533449], [83.2443222, 25.5239869], [83.3357552, 25.463602], [83.403866, 25.4939847], [83.5309009, 25.3923149], [83.5226577, 25.3798226], [83.5464685, 25.3454892], [83.5297372, 25.3235569], [83.5546088, 25.3089206], [83.5053205, 25.2808871], [83.4904289, 25.2895404], [83.4690571, 25.2524591], [83.4503889, 25.2609979], [83.4369778, 25.2442884], [83.4106707, 25.2473355], [83.4023452, 25.2090182], [83.3502245, 25.1856415], [83.3674764, 25.126908], [83.3214712, 25.0180288], [83.3526706, 25.003328], [83.3446025, 24.9652454], [83.3625412, 24.9531743], [83.354426, 24.9052093], [83.3692145, 24.8785334], [83.3571879, 24.8703538], [83.4019589, 24.8130115], [83.3860175, 24.776252], [83.3368291, 24.7729376], [83.3207565, 24.7891167], [83.3327562, 24.7717966], [83.3034661, 24.7199445], [83.2575855, 24.7363597], [83.1830519, 24.7176461], [83.0862716, 24.7816081], [83.0980926, 24.8177452], [83.1288269, 24.8355975], [83.0922031, 24.840881], [83.0756208, 24.8819551], [83.0557655, 24.9694745], [83.0744099, 24.9762483], [83.0599604, 25.0607794], [83.1325175, 25.0604055], [83.1331018, 25.1306297], [83.171853, 25.1376279], [83.1809308, 25.1785276], [83.1249602, 25.1871095], [83.1221919, 25.2028622], [83.0729037, 25.2124895], [83.0700628, 25.2299021], [83.0302599, 25.2436123]]]}}, {"type": "Feature", "properties": {"name": "Jaunpur", "facilities": 78, "lat": 25.7967, "lon": 82.4889}, "geometry": {"type": "Polygon", "coordinates": [[[82.1455916, 25.6506833], [82.1700162, 25.704274], [82.1859578, 25.7042862], [82.1969004, 25.7420307], [82.1980871, 25.7667761], [82.169751, 25.7904257], [82.1841263, 25.8016868], [82.1785874, 25.8264239], [82.2079949, 25.820741], [82.2181394, 25.8403332], [82.2796543, 25.842799], [82.2956932, 25.8922511], [82.3453858, 25.9150502], [82.3933259, 25.909392], [82.3908285, 25.933161], [82.344117, 25.9566473], [82.368896, 25.9823238], [82.4295219, 25.9770735], [82.429483, 26.0069915], [82.4763013, 25.9996637], [82.4876923, 25.9736739], [82.5068817, 25.9813786], [82.520272, 26.0040842], [82.5022551, 26.0165017], [82.5173971, 26.0300436], [82.457668, 26.0447711], [82.4762298, 26.0697665], [82.435198, 26.0980188], [82.4436201, 26.1324273], [82.5306388, 26.1463716], [82.566969, 26.1311157], [82.5599603, 26.1458525], [82.5733191, 26.1490018], [82.5793626, 26.1863142], [82.5972602, 26.1811825], [82.597721, 26.2012264], [82.6229888, 26.1710545], [82.6488779, 26.1742164], [82.6376968, 26.1609056], [82.6786849, 26.1514986], [82.664862, 26.1378107], [82.676837, 26.1042144], [82.7065765, 26.094919], [82.6970299, 26.0671606], [82.7124943, 26.0505224], [82.6985613, 26.0400703], [82.721885, 26.0355641], [82.7030623, 26.0245718], [82.7311801, 26.0254788], [82.7258715, 25.99154], [82.7727495, 25.8963188], [82.7544936, 25.83687], [82.8085818, 25.8060038], [82.82539, 25.7696999], [82.8992062, 25.7749057], [82.9292859, 25.7574132], [82.9239279, 25.7324471], [82.9819721, 25.6801652], [82.9986171, 25.6843495], [83.0089485, 25.7150452], [83.0784129, 25.6831206], [83.0620532, 25.659451], [83.0769358, 25.6156092], [83.0666063, 25.5953222], [83.0901201, 25.5735931], [83.044281, 25.5408442], [83.0187464, 25.5770821], [83.0105173, 25.5488787], [82.977891, 25.5566803], [82.9559719, 25.5254805], [82.9338598, 25.5669494], [82.8750658, 25.5670269], [82.866311, 25.5795305], [82.8545093, 25.5625748], [82.8372573, 25.5677237], [82.8367424, 25.553825], [82.7930545, 25.552315], [82.7771759, 25.5294305], [82.7359342, 25.5464297], [82.7148628, 25.5303987], [82.7256774, 25.5039466], [82.7104854, 25.4821377], [82.7380371, 25.4647807], [82.7086401, 25.4591623], [82.7201414, 25.4328496], [82.6834917, 25.420602], [82.6954222, 25.3944747], [82.6231995, 25.3927971], [82.6394491, 25.4045812], [82.6013422, 25.4132008], [82.6065944, 25.4506456], [82.5820517, 25.449503], [82.5829862, 25.4215106], [82.5727105, 25.4158067], [82.560542, 25.4574073], [82.5444282, 25.4588797], [82.5491007, 25.4365991], [82.5166524, 25.441697], [82.5054754, 25.4742712], [82.4701253, 25.4701197], [82.4799948, 25.4873635], [82.4494819, 25.4955064], [82.4429677, 25.5185565], [82.4125517, 25.4954211], [82.3973297, 25.5194772], [82.3567357, 25.508855], [82.3401342, 25.5356612], [82.2897751, 25.5419899], [82.2240234, 25.5894182], [82.2047666, 25.5729425], [82.1787838, 25.5807445], [82.122935, 25.6424027], [82.1455916, 25.6506833]]]}}, {"type": "Feature", "properties": {"name": "Mirzapur", "facilities": 43, "lat": 24.9317, "lon": 82.628}, "geometry": {"type": "Polygon", "coordinates": [[[82.1156092, 24.7844363], [82.0801358, 24.831794], [82.1187358, 24.8448277], [82.0919478, 24.8491213], [82.1086922, 24.8752171], [82.1229747, 24.8648603], [82.1511626, 24.8956966], [82.1666643, 24.8872432], [82.2087103, 24.9371169], [82.2258974, 24.9299293], [82.2392496, 24.9605123], [82.251161, 24.9518979], [82.301621, 25.0110997], [82.2958108, 25.0491883], [82.3254621, 25.0715577], [82.3019056, 25.1072242], [82.3023649, 25.1518468], [82.2686153, 25.1610161], [82.2858071, 25.1984864], [82.2303736, 25.2217945], [82.2688434, 25.2692864], [82.3049367, 25.2673446], [82.3312751, 25.2105718], [82.3491769, 25.2066989], [82.3868283, 25.2593538], [82.4519729, 25.2189404], [82.4750105, 25.2432551], [82.5179653, 25.2327186], [82.5832493, 25.2496325], [82.6144029, 25.2446145], [82.615655, 25.225883], [82.6364109, 25.2208096], [82.64238, 25.2559673], [82.6712332, 25.2467126], [82.7126147, 25.261494], [82.7480782, 25.2384795], [82.7752718, 25.2705801], [82.780551, 25.2288672], [82.7923411, 25.2290459], [82.7845008, 25.2490908], [82.8205997, 25.2539622], [82.8041022, 25.2192032], [82.8156555, 25.2045074], [82.7827037, 25.2037186], [82.8034812, 25.1698778], [82.8082322, 25.1890134], [82.8608812, 25.1689376], [82.8696984, 25.1993964], [82.900331, 25.2152417], [82.906657, 25.1956604], [83.0065997, 25.2051707], [83.0302599, 25.2436123], [83.0700628, 25.2299021], [83.0729037, 25.2124895], [83.1221919, 25.2028622], [83.1249602, 25.1871095], [83.1809308, 25.1785276], [83.171853, 25.1376279], [83.1331018, 25.1306297], [83.1325175, 25.0604055], [83.0615794, 25.0635471], [83.0744099, 24.9762483], [83.0562483, 24.9741006], [83.04775, 24.9409551], [83.0105543, 24.922535], [83.0080803, 24.9013597], [82.9870791, 24.8968145], [82.9557037, 24.8364009], [82.9210281, 24.8568459], [82.9086256, 24.8337135], [82.8065944, 24.8518226], [82.7518344, 24.8195555], [82.7017736, 24.826956], [82.6996707, 24.8056686], [82.658987, 24.7813578], [82.6255988, 24.7875139], [82.6336669, 24.8160304], [82.6134109, 24.8092914], [82.5823831, 24.8301304], [82.545948, 24.8038376], [82.5529003, 24.7381982], [82.5358736, 24.7314063], [82.5468063, 24.6899938], [82.5174119, 24.6734358], [82.4567238, 24.6731876], [82.4294479, 24.7025857], [82.4070942, 24.6828707], [82.4161102, 24.5911984], [82.3647673, 24.5971982], [82.3386389, 24.6203645], [82.2968041, 24.6058404], [82.3040328, 24.666011], [82.2689857, 24.6834051], [82.260874, 24.6613124], [82.2392128, 24.6615714], [82.229662, 24.682004], [82.2501106, 24.697453], [82.2509343, 24.7699303], [82.2451605, 24.7444106], [82.2264583, 24.7612371], [82.2288405, 24.7455828], [82.2065692, 24.7471946], [82.2213045, 24.7223278], [82.2140387, 24.7344251], [82.1773705, 24.7326187], [82.2032568, 24.7583395], [82.1965451, 24.7780595], [82.2094449, 24.7715258], [82.2179224, 24.7766756], [82.2161504, 24.794141], [82.1842573, 24.795633], [82.2035916, 24.8192047], [82.1666505, 24.800875], [82.1789018, 24.7950663], [82.1670211, 24.7854419], [82.1386615, 24.7994628], [82.1156092, 24.7844363]]]}}, {"type": "Feature", "properties": {"name": "Sant Ravidas Nagar", "facilities": 21, "lat": 25.3574, "lon": 82.5003}, "geometry": {"type": "Polygon", "coordinates": [[[82.2221365, 25.2776982], [82.2512585, 25.2723465], [82.2612322, 25.2923722], [82.2991172, 25.3022905], [82.3141676, 25.3302275], [82.3132292, 25.3882127], [82.3527339, 25.4223236], [82.3072553, 25.46155], [82.3072182, 25.4833275], [82.2827408, 25.4862162], [82.2867894, 25.4987978], [82.3157182, 25.500022], [82.2987659, 25.5217786], [82.3355694, 25.501193], [82.3349163, 25.5365669], [82.3567357, 25.508855], [82.3968822, 25.5196351], [82.4125517, 25.4954211], [82.4448967, 25.517644], [82.4494819, 25.4955064], [82.4799948, 25.4873635], [82.4697924, 25.4704224], [82.5020062, 25.4778384], [82.5166524, 25.441697], [82.5491007, 25.4365991], [82.5444282, 25.4588797], [82.560542, 25.4574073], [82.5727105, 25.4158067], [82.5854956, 25.4529659], [82.6098508, 25.4491882], [82.5986527, 25.417082], [82.6395087, 25.404342], [82.6198355, 25.3935868], [82.6693532, 25.4005041], [82.7104787, 25.3867063], [82.7062469, 25.3592979], [82.6828433, 25.3557297], [82.7039336, 25.3232358], [82.6903887, 25.2813429], [82.6737168, 25.279868], [82.6703332, 25.2555686], [82.64238, 25.2559673], [82.6365697, 25.2208367], [82.615655, 25.225883], [82.6144029, 25.2446145], [82.5832493, 25.2496325], [82.5179653, 25.2327186], [82.4750105, 25.2432551], [82.4519729, 25.2189404], [82.3879947, 25.2595117], [82.3615647, 25.2119725], [82.3418439, 25.2074512], [82.3049367, 25.2673446], [82.2797718, 25.2719163], [82.2301965, 25.2235865], [82.2866946, 25.1924296], [82.2275439, 25.1785061], [82.1956347, 25.2123048], [82.2221365, 25.2776982]]]}}, {"type": "Feature", "properties": {"name": "Sonbhadra", "facilities": 24, "lat": 24.4148, "lon": 83.0638}, "geometry": {"type": "Polygon", "coordinates": [[[82.5233169, 24.6760834], [82.5494671, 24.6943901], [82.5359917, 24.7178311], [82.5529003, 24.7381982], [82.545948, 24.8038376], [82.5812673, 24.8295851], [82.6134109, 24.8092914], [82.6336669, 24.8160304], [82.6255988, 24.7875139], [82.658987, 24.7813578], [82.6996707, 24.8056686], [82.7017736, 24.826956], [82.7518344, 24.8195555], [82.8065944, 24.8518226], [82.9086256, 24.8337135], [82.9210281, 24.8568459], [82.9557037, 24.8364009], [82.9870791, 24.8968145], [83.0080803, 24.9013597], [83.0105543, 24.922535], [83.04775, 24.9409551], [83.0522054, 24.960294], [83.0922031, 24.840881], [83.1288269, 24.8355975], [83.0980926, 24.8177452], [83.0862716, 24.7816081], [83.138186, 24.7577253], [83.1597256, 24.7266361], [83.1954499, 24.7164749], [83.2264467, 24.735009], [83.282326, 24.7368286], [83.3030511, 24.7197907], [83.3327562, 24.7717966], [83.3207565, 24.7891167], [83.3368291, 24.7729376], [83.3971953, 24.7818837], [83.4592294, 24.7312017], [83.4895277, 24.7365417], [83.4854936, 24.7019249], [83.5190105, 24.6792316], [83.501544, 24.6494355], [83.54815, 24.6232606], [83.5226154, 24.6013724], [83.5297823, 24.565313], [83.4964671, 24.5402797], [83.5016873, 24.5264969], [83.3978659, 24.4948129], [83.3866864, 24.4549433], [83.4063144, 24.4358868], [83.4062117, 24.4050312], [83.4360498, 24.400924], [83.4585007, 24.3644092], [83.3815902, 24.3136922], [83.4090614, 24.2665278], [83.3790636, 24.2308031], [83.3831191, 24.1981705], [83.3527638, 24.125655], [83.2940912, 24.0703291], [83.2791567, 24.018165], [83.2448029, 24.012579], [83.2232487, 23.9869682], [83.2078099, 23.9217862], [83.0886583, 23.8716378], [82.9506829, 23.8706272], [82.8125776, 23.9598956], [82.8041829, 24.0035247], [82.7507045, 24.0119781], [82.7740195, 24.0763043], [82.7138994, 24.0762497], [82.6644617, 24.1275213], [82.682885, 24.1545919], [82.7280776, 24.1351429], [82.7444369, 24.1654804], [82.7348137, 24.2177804], [82.7590133, 24.2363542], [82.7732185, 24.3073627], [82.7693829, 24.3706982], [82.7238357, 24.3681772], [82.713207, 24.3802358], [82.7392103, 24.4276439], [82.7298949, 24.4726515], [82.7435632, 24.4953468], [82.7206341, 24.5140324], [82.7310275, 24.5350834], [82.7191827, 24.55247], [82.7516391, 24.5499068], [82.7555201, 24.5374468], [82.807545, 24.5489944], [82.803031, 24.597685], [82.7654619, 24.595771], [82.7795481, 24.6139359], [82.7743017, 24.6417747], [82.7067018, 24.6362749], [82.7008885, 24.6760187], [82.6708468, 24.6970267], [82.5404494, 24.6479242], [82.5233169, 24.6760834]]]}}, {"type": "Feature", "properties": {"name": "Varanasi", "facilities": 59, "lat": 25.3719, "lon": 82.9414}, "geometry": {"type": "Polygon", "coordinates": [[[82.6672258, 25.2548654], [82.7039385, 25.3231862], [82.6828433, 25.3557297], [82.7062469, 25.3592979], [82.7105956, 25.3833752], [82.6834917, 25.420602], [82.7201414, 25.4328496], [82.7068805, 25.4576899], [82.738595, 25.4671829], [82.7104854, 25.4821377], [82.7246904, 25.5417832], [82.7771759, 25.5294305], [82.7930545, 25.552315], [82.8367424, 25.553825], [82.8372573, 25.5677237], [82.8545093, 25.5625748], [82.866311, 25.5795305], [82.8750658, 25.5670269], [82.9338598, 25.5669494], [82.9559719, 25.5254805], [82.977891, 25.5566803], [83.0105173, 25.5488787], [83.0023527, 25.5564286], [83.020978, 25.5774015], [83.0412018, 25.5418316], [83.0703324, 25.5512218], [83.0775138, 25.5387052], [83.0641465, 25.5286804], [83.0842345, 25.4961264], [83.1167386, 25.5004377], [83.1025546, 25.5273916], [83.1436848, 25.5060345], [83.1660064, 25.507032], [83.153635, 25.5194243], [83.1771262, 25.5273932], [83.1655506, 25.4903934], [83.1252391, 25.4487697], [83.1877294, 25.4173178], [83.1708867, 25.3516882], [83.1386857, 25.3202982], [83.0596526, 25.3302457], [83.0206454, 25.3148771], [83.0091232, 25.2958257], [83.0336991, 25.2899211], [83.0674392, 25.2479556], [83.0308493, 25.2490663], [83.0065997, 25.2051707], [82.906657, 25.1956604], [82.900331, 25.2152417], [82.8696984, 25.1993964], [82.8608812, 25.1689376], [82.8082322, 25.1890134], [82.8034812, 25.1698778], [82.7827037, 25.2037186], [82.8156555, 25.2045074], [82.8041022, 25.2192032], [82.819502, 25.2557763], [82.7843967, 25.2489959], [82.7920141, 25.228179], [82.7756491, 25.2340321], [82.7765724, 25.270405], [82.7480782, 25.2384795], [82.7126147, 25.261494], [82.6672258, 25.2548654]]]}}, {"type": "Feature", "properties": {"name": "Chitrakoot", "facilities": 28, "lat": 25.2171, "lon": 81.1046}, "geometry": {"type": "Polygon", "coordinates": [[[80.7043894, 25.1283749], [80.7306572, 25.1126449], [80.7254512, 25.0914311], [80.7574961, 25.0908301], [80.7877921, 25.0613901], [80.7369059, 25.052957], [80.6952643, 25.0820146], [80.715568, 25.091456], [80.6950586, 25.1023044], [80.6840501, 25.1360761], [80.7149901, 25.1621722], [80.7112711, 25.2043259], [80.6880688, 25.220575], [80.6918731, 25.2694072], [80.7147359, 25.2904708], [80.7281424, 25.2786594], [80.7702493, 25.3302768], [80.8365018, 25.3503554], [80.9407763, 25.4682689], [80.9777302, 25.4619862], [80.9947495, 25.4755738], [81.0245843, 25.5054076], [81.0047644, 25.5356733], [81.0204179, 25.5468632], [81.1908153, 25.4887714], [81.1945513, 25.4576448], [81.1469137, 25.4137432], [81.173816, 25.3768947], [81.2426875, 25.3587413], [81.2668159, 25.3253292], [81.3307312, 25.3488555], [81.3864586, 25.3349166], [81.4021453, 25.3132836], [81.3848745, 25.2760362], [81.4537576, 25.2585246], [81.5499733, 25.2921741], [81.5621792, 25.2394955], [81.5225855, 25.2356908], [81.5170179, 25.1961113], [81.5400119, 25.1811142], [81.5124809, 25.1773402], [81.5365001, 25.1605479], [81.5272438, 25.1380911], [81.4995098, 25.1486817], [81.496384, 25.12898], [81.4800549, 25.1325492], [81.4903217, 25.109445], [81.5180982, 25.1007384], [81.4911345, 25.0723237], [81.40727, 25.1049143], [81.4476577, 25.1071722], [81.4385247, 25.1303347], [81.399921, 25.1192192], [81.3345164, 25.1692948], [81.3195634, 25.1567826], [81.3310791, 25.1146286], [81.3214722, 25.1127659], [81.3134303, 25.1637355], [81.2775162, 25.1660002], [81.2521373, 25.1020766], [81.2666721, 25.0843897], [81.2638211, 25.0527645], [81.2089241, 24.9926175], [81.2196374, 24.9286192], [81.19291, 24.9253522], [81.2071941, 24.9304321], [81.168012, 24.9552292], [81.1396043, 24.8875274], [81.0963022, 24.9211894], [81.0845072, 24.9499079], [81.0337306, 24.9526117], [81.0255788, 24.9400536], [81.0162666, 24.951503], [81.0230692, 24.9276208], [80.9738513, 24.9341924], [80.9571777, 24.9178535], [80.9460041, 24.9662652], [80.8991485, 24.9486221], [80.9070764, 24.9350521], [80.8917167, 24.9451068], [80.8119911, 24.9225478], [80.8200498, 24.9329057], [80.7922077, 24.9648684], [80.8517359, 24.9882486], [80.8317817, 25.0328737], [80.8780406, 25.0654692], [80.8684388, 25.1156796], [80.912912, 25.1590831], [80.8846618, 25.1879389], [80.8687926, 25.1745109], [80.838143, 25.180347], [80.8491039, 25.1626017], [80.829886, 25.1000632], [80.8131925, 25.1346739], [80.7863764, 25.1294424], [80.7787803, 25.142261], [80.7419527, 25.1236333], [80.7302416, 25.1463188], [80.7043894, 25.1283749]]]}}, {"type": "Feature", "properties": {"name": "Hapur", "facilities": 37, "lat": 28.7167, "lon": 77.8904}, "geometry": {"type": "Polygon", "coordinates": [[[77.5605783, 28.647595], [77.5459895, 28.6847747], [77.6151633, 28.7160021], [77.6131934, 28.7325573], [77.6822337, 28.7241064], [77.6870906, 28.7434197], [77.7532691, 28.7476604], [77.7873873, 28.7902066], [77.8363025, 28.8045279], [77.8606775, 28.7940889], [77.8538149, 28.8323696], [77.8679465, 28.8643924], [77.9137837, 28.8606154], [77.9331427, 28.8338022], [77.974562, 28.856428], [78.0023829, 28.8514057], [78.0139499, 28.8729153], [78.0474123, 28.8838331], [78.1204555, 28.8770592], [78.1439387, 28.837906], [78.1270542, 28.8073312], [78.1322759, 28.7815448], [78.1710677, 28.7405049], [78.1633933, 28.720629], [78.1891319, 28.7006547], [78.2121753, 28.6381539], [78.2105636, 28.6268376], [78.1516852, 28.6454837], [78.1301743, 28.635334], [78.0794763, 28.6740404], [78.0183839, 28.683332], [77.9629166, 28.7153555], [77.9003805, 28.6652865], [77.9112476, 28.6511113], [77.9018051, 28.6337376], [77.8550884, 28.6550863], [77.7198289, 28.5495382], [77.6852586, 28.5558063], [77.6588022, 28.5940148], [77.6145574, 28.6195073], [77.6152832, 28.636987], [77.5877434, 28.6404586], [77.5567282, 28.6215308], [77.5469541, 28.6279682], [77.5605783, 28.647595]]]}}, {"type": "Feature", "properties": {"name": "Kasganj", "facilities": 24, "lat": 27.7889, "lon": 78.823}, "geometry": {"type": "Polygon", "coordinates": [[[78.4745756, 27.8101011], [78.5025419, 27.7992498], [78.5181917, 27.8123871], [78.5140093, 27.8418644], [78.4918125, 27.8574277], [78.5309485, 27.9093935], [78.5738252, 27.9367735], [78.5996804, 27.981351], [78.5938851, 28.0118397], [78.628075, 28.0279454], [78.6655076, 28.0162481], [78.6534737, 28.0078965], [78.7035973, 27.9932557], [78.7222925, 27.9636324], [78.7573719, 27.9485377], [78.7657128, 27.9630867], [78.8030185, 27.9555732], [78.8622739, 27.9123138], [78.8876094, 27.9159713], [78.9204066, 27.875111], [78.9175132, 27.8500493], [78.9637393, 27.8471773], [78.984194, 27.8741663], [79.0160308, 27.8563993], [79.0008595, 27.8378232], [79.1385914, 27.8382113], [79.1473429, 27.8291151], [79.1337537, 27.8140621], [79.1960688, 27.7501842], [79.1706677, 27.7046942], [79.1361639, 27.7044685], [79.120502, 27.6845479], [79.1353945, 27.6678166], [79.1283821, 27.634791], [79.1812453, 27.6172309], [79.174999, 27.5803203], [79.2148606, 27.5783391], [79.2027667, 27.5635244], [79.1590077, 27.5782151], [79.1428521, 27.5618968], [79.0759169, 27.5579469], [79.0314509, 27.5840035], [78.9952873, 27.6473025], [78.9671525, 27.615011], [78.9828061, 27.6004527], [78.9681058, 27.5678923], [78.9517762, 27.5748234], [78.8909707, 27.5507384], [78.8864973, 27.5876491], [78.8544459, 27.5784625], [78.8589651, 27.5951371], [78.8109075, 27.6029674], [78.7748528, 27.6362128], [78.741271, 27.6340268], [78.6956712, 27.6853649], [78.6875464, 27.7418125], [78.6117728, 27.7439683], [78.5997097, 27.7712488], [78.5666747, 27.768003], [78.5520789, 27.7861849], [78.5274779, 27.7699656], [78.533673, 27.7533465], [78.5037142, 27.7416537], [78.4722692, 27.7625521], [78.4745756, 27.8101011]]]}}, {"type": "Feature", "properties": {"name": "Shamli", "facilities": 30, "lat": 29.4812, "lon": 77.2901}, "geometry": {"type": "Polygon", "coordinates": [[[77.08467, 29.5843926], [77.1131444, 29.6101777], [77.1049474, 29.6323381], [77.1328854, 29.6441063], [77.1497956, 29.6883629], [77.2017148, 29.6804234], [77.2214172, 29.6972805], [77.3367996, 29.6435045], [77.4145615, 29.659467], [77.432123, 29.6468676], [77.4508124, 29.6736445], [77.484939, 29.6564402], [77.4828427, 29.6212878], [77.5023339, 29.601342], [77.481609, 29.579149], [77.493857, 29.5649436], [77.4516936, 29.5221948], [77.4693817, 29.508696], [77.4413119, 29.465644], [77.4640146, 29.4516734], [77.434622, 29.4242725], [77.4257733, 29.3915611], [77.3423876, 29.3332654], [77.3086497, 29.344235], [77.3031749, 29.3049984], [77.2812246, 29.2961965], [77.2673076, 29.2648659], [77.2497342, 29.2809542], [77.2033103, 29.2743833], [77.1573894, 29.2952885], [77.1601581, 29.3361689], [77.1274765, 29.3447363], [77.1284008, 29.3756308], [77.1578836, 29.3868494], [77.1335935, 29.4070771], [77.1486674, 29.4339323], [77.1236801, 29.4578344], [77.1318243, 29.4862912], [77.0963982, 29.518006], [77.1270489, 29.5576303], [77.08467, 29.5843926]]]}}, {"type": "Feature", "properties": {"name": "Amethi", "facilities": 211, "lat": 26.3463, "lon": 81.6252}, "geometry": {"type": "Polygon", "coordinates": [[[81.3448516, 26.5440802], [81.3817528, 26.5898834], [81.4316991, 26.5602387], [81.457105, 26.5748582], [81.4864689, 26.543309], [81.51394, 26.5498706], [81.5103339, 26.528107], [81.5469877, 26.5263718], [81.535516, 26.5438567], [81.5517556, 26.5627205], [81.5444241, 26.5765708], [81.5745517, 26.6127952], [81.5561844, 26.6166911], [81.5613841, 26.6654851], [81.6002799, 26.6511527], [81.6211612, 26.6226871], [81.6448974, 26.6387514], [81.6766119, 26.6041071], [81.6503048, 26.6095941], [81.6489458, 26.5842799], [81.7027043, 26.5883353], [81.6977262, 26.542197], [81.6787576, 26.5426961], [81.6773414, 26.5272999], [81.7178461, 26.5193886], [81.7356251, 26.535304], [81.7378116, 26.5085954], [81.7623212, 26.5100565], [81.7447037, 26.49203], [81.7658348, 26.486839], [81.7628983, 26.4684854], [81.7890336, 26.4670189], [81.8216749, 26.4253179], [81.8461001, 26.4248059], [81.8474194, 26.3997687], [81.8660002, 26.4112835], [81.8776973, 26.4001234], [81.8616472, 26.348847], [81.8086963, 26.3318861], [81.8386196, 26.3207453], [81.8520628, 26.2841029], [81.9054784, 26.2598488], [81.9251986, 26.2236684], [81.9655676, 26.2202894], [81.9893517, 26.1847346], [82.0494197, 26.1495996], [82.0451035, 26.1071758], [82.0704825, 26.0912627], [82.0633311, 26.0741652], [82.0489608, 26.057594], [81.9368398, 26.0751348], [81.9300473, 26.0517741], [81.8849124, 26.0815131], [81.859284, 26.0469256], [81.802869, 26.0472841], [81.7842414, 26.0281311], [81.7690106, 26.0673524], [81.7270758, 26.0938774], [81.7164081, 26.065971], [81.6869965, 26.0761952], [81.6825776, 26.1148878], [81.6484771, 26.1292534], [81.6530302, 26.1437847], [81.6098371, 26.1886823], [81.61247, 26.2180172], [81.5937215, 26.2205642], [81.5873125, 26.2497934], [81.5599035, 26.236759], [81.5401843, 26.2472188], [81.516322, 26.2204271], [81.4701282, 26.2335889], [81.4337628, 26.2120632], [81.4143432, 26.2355465], [81.3537542, 26.2276163], [81.3576444, 26.2786538], [81.391512, 26.2916965], [81.4089726, 26.318162], [81.3668512, 26.3375939], [81.3945846, 26.3431934], [81.3828971, 26.3909864], [81.3994387, 26.4182334], [81.3635348, 26.4447211], [81.3788202, 26.4536976], [81.377467, 26.4790373], [81.3448516, 26.5440802]]]}}, {"type": "Feature", "properties": {"name": "Sambhal", "facilities": 55, "lat": 28.4272, "lon": 78.5565}, "geometry": {"type": "Polygon", "coordinates": [[[78.3129781, 28.2743078], [78.258667, 28.3765549], [78.3073274, 28.4065646], [78.301632, 28.4398688], [78.3377303, 28.4366448], [78.3724214, 28.4697284], [78.4114133, 28.462317], [78.4246402, 28.4811182], [78.4275041, 28.5077173], [78.4137525, 28.5191388], [78.4348454, 28.5413713], [78.4223905, 28.5534613], [78.4391713, 28.5885364], [78.3998804, 28.6490497], [78.4240952, 28.6711098], [78.4066956, 28.6895293], [78.4220685, 28.7540868], [78.4063289, 28.7806875], [78.4222707, 28.7907663], [78.5007579, 28.7761698], [78.603308, 28.8094992], [78.645268, 28.8056472], [78.6814973, 28.762047], [78.6428997, 28.6687124], [78.6923558, 28.6423435], [78.6889762, 28.614313], [78.717463, 28.5978251], [78.7157803, 28.5740149], [78.6970062, 28.5796185], [78.6685717, 28.5296965], [78.6986374, 28.5153264], [78.7095315, 28.4910934], [78.794602, 28.5470928], [78.813049, 28.5222717], [78.8343261, 28.543122], [78.8593953, 28.5345866], [78.8646197, 28.5566616], [78.8777662, 28.5410116], [78.8960526, 28.5641511], [78.905923, 28.5463693], [78.9205137, 28.5716859], [78.9588789, 28.5499014], [78.9436365, 28.5350331], [78.9594321, 28.508294], [78.941462, 28.4598947], [78.8828259, 28.4722547], [78.8580698, 28.4469493], [78.8122212, 28.4445592], [78.7942335, 28.3979107], [78.7668064, 28.4049627], [78.7590771, 28.3718125], [78.7112608, 28.3683347], [78.6643153, 28.3337917], [78.6365123, 28.2215679], [78.5918793, 28.1845129], [78.6110679, 28.1659976], [78.5746577, 28.1425764], [78.5938644, 28.1330923], [78.5722411, 28.1022793], [78.5883145, 28.0758286], [78.5378919, 28.0457819], [78.5070569, 28.0791866], [78.5155675, 28.0861664], [78.4664837, 28.123087], [78.4573768, 28.1517323], [78.3984244, 28.1850385], [78.3549504, 28.2693335], [78.3129781, 28.2743078]]]}}]}